x-axis,1,2
second,Volt,Volt
-250.0000E-06,+67.3021358E-03,+1.0593586E-03
-249.7500E-06,+67.3021358E-03,+2.2272012E-03
-249.5000E-06,+64.5885371E-03,+3.2221745E-03
-249.2500E-06,+67.1011771E-03,+3.9256921E-03
-249.0000E-06,+69.1715072E-03,+4.6854966E-03
-248.7500E-06,+70.2166932E-03,+5.2905236E-03
-248.5000E-06,+70.3775682E-03,+6.0925318E-03
-248.2500E-06,+70.3774910E-03,+6.8583643E-03
-248.0000E-06,+70.6790449E-03,+7.9960592E-03
-247.7500E-06,+71.7643917E-03,+8.9769492E-03
-247.5000E-06,+73.4327272E-03,+9.9739345E-03
-247.2500E-06,+74.4579486E-03,+10.5045982E-03
-247.0000E-06,+76.3875999E-03,+11.1920515E-03
-246.7500E-06,+76.3473618E-03,+12.0784901E-03
-246.5000E-06,+75.4628965E-03,+13.3749710E-03
-246.2500E-06,+77.1514282E-03,+14.0845165E-03
-246.0000E-06,+77.7946968E-03,+15.0453029E-03
-245.7500E-06,+79.9451943E-03,+15.6081494E-03
-245.5000E-06,+82.1360842E-03,+16.5488168E-03
-245.2500E-06,+83.8048828E-03,+17.3247320E-03
-245.0000E-06,+84.0862404E-03,+18.4865620E-03
-244.7500E-06,+82.8800251E-03,+19.4553189E-03
-244.5000E-06,+81.8550353E-03,+20.7016102E-03
-244.2500E-06,+85.0708378E-03,+21.2583747E-03
-244.0000E-06,+87.9856267E-03,+21.9216774E-03
-243.7500E-06,+90.9200716E-03,+22.6674140E-03
-243.5000E-06,+91.6842859E-03,+23.6221724E-03
-243.2500E-06,+90.4177134E-03,+24.7136631E-03
-243.0000E-06,+89.9354743E-03,+25.8895610E-03
-242.7500E-06,+90.6391771E-03,+26.7720376E-03
-242.5000E-06,+94.6390041E-03,+27.3106795E-03
-242.2500E-06,+96.4478641E-03,+28.0965538E-03
-242.0000E-06,+99.0206296E-03,+28.7739707E-03
-241.7500E-06,+100.6085662E-03,+29.5296897E-03
-241.5000E-06,+100.3074755E-03,+30.7860020E-03
-241.2500E-06,+101.7749295E-03,+31.8131812E-03
-241.0000E-06,+106.9809719E-03,+32.3639254E-03
-240.7500E-06,+111.2223045E-03,+32.8262153E-03
-240.5000E-06,+113.3729563E-03,+33.6061389E-03
-240.2500E-06,+118.7993818E-03,+34.3779994E-03
-240.0000E-06,+118.3575351E-03,+35.4513674E-03
-239.7500E-06,+123.2422134E-03,+36.2835928E-03
-239.5000E-06,+127.2419633E-03,+36.8584180E-03
-239.2500E-06,+133.8755304E-03,+37.1578905E-03
-239.0000E-06,+138.5990250E-03,+37.8915326E-03
-238.7500E-06,+145.7951530E-03,+38.6071525E-03
-238.5000E-06,+147.7041450E-03,+39.2864655E-03
-238.2500E-06,+153.6946751E-03,+40.1449304E-03
-238.0000E-06,+161.7548407E-03,+40.7397898E-03
-237.7500E-06,+169.8952508E-03,+40.9830217E-03
-237.5000E-06,+178.3588003E-03,+41.4613837E-03
-237.2500E-06,+188.5891965E-03,+41.7046001E-03
-237.0000E-06,+195.6446457E-03,+42.2674465E-03
-236.7500E-06,+205.4930891E-03,+42.9729915E-03
-236.5000E-06,+213.7550624E-03,+43.4252373E-03
-236.2500E-06,+223.4837179E-03,+43.6022076E-03
-236.0000E-06,+234.8212780E-03,+43.6845875E-03
-235.7500E-06,+245.4535916E-03,+44.0061446E-03
-235.5000E-06,+256.1276869E-03,+44.3035434E-03
-235.2500E-06,+266.4184402E-03,+44.6354379E-03
-235.0000E-06,+274.7406162E-03,+45.2804637E-03
-234.7500E-06,+283.5660767E-03,+45.5800365E-03
-234.5000E-06,+293.2130210E-03,+45.3266757E-03
-234.2500E-06,+306.1780611E-03,+45.2684617E-03
-234.0000E-06,+313.1720727E-03,+45.3830553E-03
-233.7500E-06,+320.4685643E-03,+45.6723833E-03
-233.5000E-06,+326.8199247E-03,+45.9558609E-03
-233.2500E-06,+333.0514972E-03,+46.4803809E-03
-233.0000E-06,+338.3379386E-03,+46.2473398E-03
-232.7500E-06,+346.0176179E-03,+45.9919362E-03
-232.5000E-06,+349.0111077E-03,+45.9740607E-03
-232.2500E-06,+354.3779480E-03,+46.0020498E-03
-232.0000E-06,+358.2372506E-03,+46.1628090E-03
-231.7500E-06,+360.9499231E-03,+46.5348026E-03
-231.5000E-06,+364.6714799E-03,+46.3177410E-03
-231.2500E-06,+367.8041820E-03,+46.1348276E-03
-231.0000E-06,+368.9484966E-03,+46.1871371E-03
-230.7500E-06,+372.0061256E-03,+45.9016167E-03
-230.5000E-06,+370.5581731E-03,+46.0603872E-03
-230.2500E-06,+370.2179249E-03,+46.1207134E-03
-230.0000E-06,+372.6270367E-03,+46.3056387E-03
-229.7500E-06,+369.7943448E-03,+46.2773486E-03
-229.5000E-06,+369.9948404E-03,+45.7627491E-03
-229.2500E-06,+367.7234743E-03,+45.5257923E-03
-229.0000E-06,+366.6779796E-03,+45.7928968E-03
-228.7500E-06,+367.5020879E-03,+45.8934765E-03
-228.5000E-06,+364.5287943E-03,+46.0323287E-03
-228.2500E-06,+364.4658129E-03,+45.7951171E-03
-228.0000E-06,+359.0389243E-03,+45.4089167E-03
-227.7500E-06,+358.3772348E-03,+45.4029119E-03
-227.5000E-06,+355.2404418E-03,+45.3005364E-03
-227.2500E-06,+353.5129070E-03,+45.2361864E-03
-227.0000E-06,+349.8118551E-03,+45.3148050E-03
-226.7500E-06,+345.8936620E-03,+45.5819712E-03
-226.5000E-06,+344.1469344E-03,+45.2341745E-03
-226.2500E-06,+339.0597536E-03,+44.7475950E-03
-226.0000E-06,+338.1957160E-03,+44.6994406E-03
-225.7500E-06,+334.1558053E-03,+44.6435473E-03
-225.5000E-06,+330.6571015E-03,+44.8604237E-03
-225.2500E-06,+325.1717854E-03,+45.0893561E-03
-225.0000E-06,+322.0756936E-03,+45.2800623E-03
-224.7500E-06,+320.4883745E-03,+44.5929641E-03
-224.5000E-06,+315.1592252E-03,+44.1749360E-03
-224.2500E-06,+311.9842782E-03,+43.9760047E-03
-224.0000E-06,+309.3319628E-03,+44.2515427E-03
-223.7500E-06,+304.2864095E-03,+44.2453526E-03
-223.5000E-06,+299.8837388E-03,+44.4764436E-03
-223.2500E-06,+295.8853783E-03,+44.0924249E-03
-223.0000E-06,+293.5731567E-03,+43.7485053E-03
-222.7500E-06,+290.3567367E-03,+43.5536286E-03
-222.5000E-06,+285.8934002E-03,+43.4514538E-03
-222.2500E-06,+281.6143767E-03,+43.3690430E-03
-222.0000E-06,+274.7587284E-03,+43.6886422E-03
-221.7500E-06,+270.4367653E-03,+43.6644531E-03
-221.5000E-06,+268.6894203E-03,+43.3326898E-03
-221.2500E-06,+264.5871456E-03,+42.9887934E-03
-221.0000E-06,+261.7913727E-03,+42.8241107E-03
-220.7500E-06,+257.1108177E-03,+42.7458626E-03
-220.5000E-06,+250.5978876E-03,+42.9307878E-03
-220.2500E-06,+246.2755386E-03,+43.0694084E-03
-220.0000E-06,+242.9812668E-03,+42.6471867E-03
-219.7500E-06,+238.6979981E-03,+42.4522483E-03
-219.5000E-06,+233.9140693E-03,+42.2373606E-03
-219.2500E-06,+231.4625583E-03,+42.0643833E-03
-219.0000E-06,+225.6113948E-03,+42.1810428E-03
-218.7500E-06,+222.0733019E-03,+42.1648472E-03
-218.5000E-06,+217.9758900E-03,+42.0483807E-03
-218.2500E-06,+212.6461231E-03,+41.5437019E-03
-218.0000E-06,+210.5599964E-03,+41.1797636E-03
-217.7500E-06,+204.4466681E-03,+41.2044004E-03
-217.5000E-06,+199.7636432E-03,+41.0694486E-03
-217.2500E-06,+195.8838356E-03,+41.3526637E-03
-217.0000E-06,+192.8703812E-03,+41.1981332E-03
-216.7500E-06,+187.2393692E-03,+41.1738900E-03
-216.5000E-06,+183.6643573E-03,+40.5347764E-03
-216.2500E-06,+180.1660394E-03,+40.3153478E-03
-216.0000E-06,+174.5977773E-03,+40.4042498E-03
-215.7500E-06,+171.3628591E-03,+40.5025320E-03
-215.5000E-06,+168.1480601E-03,+40.1627906E-03
-215.2500E-06,+160.4854895E-03,+40.0302983E-03
-215.0000E-06,+158.9599940E-03,+39.6622436E-03
-214.7500E-06,+153.7342957E-03,+39.5177803E-03
-214.5000E-06,+149.4939665E-03,+39.5156835E-03
-214.2500E-06,+145.3903797E-03,+39.4375126E-03
-214.0000E-06,+141.7722738E-03,+39.4493524E-03
-213.7500E-06,+139.4638344E-03,+39.2100672E-03
-213.5000E-06,+133.8530958E-03,+38.9385298E-03
-213.2500E-06,+130.8603779E-03,+38.6231319E-03
-213.0000E-06,+125.4136018E-03,+38.5790476E-03
-212.7500E-06,+121.6543540E-03,+38.5889605E-03
-212.5000E-06,+116.0449276E-03,+38.5467491E-03
-212.2500E-06,+113.2934836E-03,+38.2372943E-03
-212.0000E-06,+108.3263224E-03,+37.9394787E-03
-211.7500E-06,+105.5141354E-03,+37.6621371E-03
-211.5000E-06,+102.6593948E-03,+37.4733810E-03
-211.2500E-06,+96.7484145E-03,+37.3304279E-03
-211.0000E-06,+93.2681316E-03,+37.3786672E-03
-210.7500E-06,+90.6569805E-03,+37.3024774E-03
-210.5000E-06,+85.0886412E-03,+36.8721309E-03
-210.2500E-06,+83.3212543E-03,+36.5183602E-03
-210.0000E-06,+80.1634933E-03,+36.4566396E-03
-209.7500E-06,+77.8911239E-03,+36.2110176E-03
-209.5000E-06,+71.8247488E-03,+35.8997593E-03
-209.2500E-06,+69.7353031E-03,+35.7724228E-03
-209.0000E-06,+64.4071571E-03,+35.5797587E-03
-208.7500E-06,+61.8760190E-03,+35.3606620E-03
-208.5000E-06,+58.4785278E-03,+34.9567944E-03
-208.2500E-06,+56.3257147E-03,+34.9145831E-03
-208.0000E-06,+50.7800416E-03,+34.8160384E-03
-207.7500E-06,+48.7091711E-03,+34.9032526E-03
-207.5000E-06,+45.7940734E-03,+34.3756787E-03
-207.2500E-06,+40.3468342E-03,+33.8695669E-03
-207.0000E-06,+40.1854961E-03,+33.3988974E-03
-206.7500E-06,+38.4975819E-03,+33.2183125E-03
-206.5000E-06,+36.7466862E-03,+32.9672183E-03
-206.2500E-06,+31.1201510E-03,+32.8682954E-03
-206.0000E-06,+26.9979117E-03,+33.0191573E-03
-205.7500E-06,+25.0693410E-03,+32.4278200E-03
-205.5000E-06,+23.3004875E-03,+31.9660009E-03
-205.2500E-06,+22.8018343E-03,+31.8326750E-03
-205.0000E-06,+17.4551130E-03,+31.6323338E-03
-204.7500E-06,+15.5020237E-03,+31.6499778E-03
-204.5000E-06,+12.7074858E-03,+31.4290390E-03
-204.2500E-06,+11.4411449E-03,+30.8337242E-03
-204.0000E-06,+12.4668293E-03,+30.5850432E-03
-203.7500E-06,+11.7248181E-03,+30.4160280E-03
-203.5000E-06,+8.7327177E-03,+30.3055895E-03
-203.2500E-06,+8.8067873E-03,+30.0665667E-03
-203.0000E-06,+6.1144655E-03,+30.1283568E-03
-202.7500E-06,+5.9956038E-03,+30.0280858E-03
-202.5000E-06,+6.8002105E-03,+29.5413597E-03
-202.2500E-06,+8.2273492E-03,+29.2222314E-03
-202.0000E-06,+4.2681461E-03,+29.2283211E-03
-201.7500E-06,+4.3053739E-03,+29.2564028E-03
-201.5000E-06,+43.4592E-06,+29.1015095E-03
-201.2500E-06,+567.8661E-06,+29.0390170E-03
-201.0000E-06,+42.2243E-06,+28.7696690E-03
-200.7500E-06,+3.2412267E-03,+28.5486839E-03
-200.5000E-06,+647.6475E-06,+28.4481197E-03
-200.2500E-06,-1.7041174E-03,+28.4884426E-03
-200.0000E-06,-3.5508998E-03,+28.3456052E-03
-199.7500E-06,-4.3975971E-03,+28.3721073E-03
-199.5000E-06,-5.0596725E-03,+28.0442829E-03
-199.2500E-06,-4.5785139E-03,+27.7823497E-03
-199.0000E-06,-4.5992505E-03,+27.4594213E-03
-198.7500E-06,-5.8624267E-03,+27.3205383E-03
-198.5000E-06,-7.6137083E-03,+27.2402629E-03
-198.2500E-06,-8.0747478E-03,+27.0750553E-03
-198.0000E-06,-9.1375057E-03,+26.9247492E-03
-197.7500E-06,-9.8027458E-03,+26.8038884E-03
-197.5000E-06,-10.1840039E-03,+26.2954096E-03
-197.2500E-06,-10.2060525E-03,+26.1087349E-03
-197.0000E-06,-14.0640430E-03,+26.2773179E-03
-196.7500E-06,-15.0308369E-03,+25.8755703E-03
-196.5000E-06,-18.3876269E-03,+25.8452219E-03
-196.2500E-06,-17.3203151E-03,+25.4210346E-03
-196.0000E-06,-18.2878037E-03,+25.0749719E-03
-195.7500E-06,-18.2663725E-03,+24.6271976E-03
-195.5000E-06,-21.3839726E-03,+24.4200951E-03
-195.2500E-06,-23.0918515E-03,+24.4628467E-03
-195.0000E-06,-26.7675357E-03,+23.9839136E-03
-194.7500E-06,-28.0331820E-03,+23.5435076E-03
-194.5000E-06,-28.3984119E-03,+22.8665306E-03
-194.2500E-06,-28.6597277E-03,+22.1505403E-03
-194.0000E-06,-28.5155755E-03,+21.7045154E-03
-193.7500E-06,-32.6999472E-03,+21.4611600E-03
-193.5000E-06,-35.3144173E-03,+21.1359496E-03
-193.2500E-06,-39.7552420E-03,+20.3972109E-03
-193.0000E-06,-37.7444971E-03,+19.7485241E-03
-192.7500E-06,-36.4517079E-03,+18.8985544E-03
-192.5000E-06,-39.2269758E-03,+18.4560593E-03
-192.2500E-06,-39.8162938E-03,+17.7344500E-03
-192.0000E-06,-40.1759663E-03,+17.1635945E-03
-191.7500E-06,-43.6131553E-03,+16.5564862E-03
-191.5000E-06,-44.8199110E-03,+16.3137021E-03
-191.2500E-06,-44.0502937E-03,+15.4304922E-03
-191.0000E-06,-43.1464812E-03,+14.4747253E-03
-190.7500E-06,-42.2865345E-03,+13.9616515E-03
-190.5000E-06,-43.9793886E-03,+13.5295633E-03
-190.2500E-06,-47.4136445E-03,+12.9163498E-03
-190.0000E-06,-47.8752244E-03,+12.2748461E-03
-189.7500E-06,-47.2707273E-03,+11.7687574E-03
-189.5000E-06,-48.3687833E-03,+10.9242368E-03
-189.2500E-06,-45.6269876E-03,+9.9979770E-03
-189.0000E-06,-47.7151984E-03,+9.5093084E-03
-188.7500E-06,-48.2757524E-03,+8.9986788E-03
-188.5000E-06,-51.2529053E-03,+8.3277762E-03
-188.2500E-06,-51.3279784E-03,+7.4747526E-03
-188.0000E-06,-48.2757524E-03,+6.8274371E-03
-187.7500E-06,-47.9355814E-03,+6.0438988E-03
-187.5000E-06,-50.7898589E-03,+5.6317598E-03
-187.2500E-06,-52.7434886E-03,+4.9127799E-03
-187.0000E-06,-55.1509023E-03,+4.1566904E-03
-186.7500E-06,-53.8250533E-03,+3.4714189E-03
-186.5000E-06,-54.4450382E-03,+2.6728016E-03
-186.2500E-06,-53.0009451E-03,+1.6822380E-03
-186.0000E-06,-52.8401472E-03,+1.2478291E-03
-185.7500E-06,-54.8679237E-03,+562.7969E-06
-185.5000E-06,-56.5957673E-03,-68.4389E-06
-185.2500E-06,-58.6701111E-03,-755.8767E-06
-185.0000E-06,-58.9314269E-03,-1.3032531E-03
-184.7500E-06,-57.4423873E-03,-2.1914567E-03
-184.5000E-06,-56.2749434E-03,-3.1699488E-03
-184.2500E-06,-58.2866146E-03,-3.9036990E-03
-184.0000E-06,-63.2313412E-03,-4.4203643E-03
-183.7500E-06,-62.8486166E-03,-4.9507734E-03
-183.5000E-06,-64.4734723E-03,-5.6240584E-03
-183.2500E-06,-62.7070887E-03,-6.5066353E-03
-183.0000E-06,-60.7909185E-03,-7.2198728E-03
-182.7500E-06,-59.4081086E-03,-7.9356162E-03
-182.5000E-06,-63.1517914E-03,-8.6590675E-03
-182.2500E-06,-67.4089205E-03,-9.2886310E-03
-182.0000E-06,-68.5630377E-03,-10.0406426E-03
-181.7500E-06,-68.3938266E-03,-10.6474268E-03
-181.5000E-06,-67.6450230E-03,-11.5537066E-03
-181.2500E-06,-63.8570379E-03,-12.1571462E-03
-181.0000E-06,-66.0227917E-03,-13.0373793E-03
-180.7500E-06,-70.4089711E-03,-13.5682900E-03
-180.5000E-06,-73.6199109E-03,-14.3000360E-03
-180.2500E-06,-72.3963552E-03,-14.9472743E-03
-180.0000E-06,-70.2806155E-03,-15.8656101E-03
-179.7500E-06,-69.4232160E-03,-16.7840308E-03
-179.5000E-06,-69.4407107E-03,-17.3207148E-03
-179.2500E-06,-73.1479375E-03,-17.9718843E-03
-179.0000E-06,-76.9810234E-03,-18.6357273E-03
-178.7500E-06,-75.8152004E-03,-19.4234052E-03
-178.5000E-06,-76.6925646E-03,-20.1952657E-03
-178.2500E-06,-74.1504155E-03,-21.0594113E-03
-178.0000E-06,-74.9482298E-03,-21.7271932E-03
-177.7500E-06,-78.3067951E-03,-22.0897653E-03
-177.5000E-06,-80.8412522E-03,-23.2119979E-03
-177.2500E-06,-82.9956090E-03,-23.6408574E-03
-177.0000E-06,-84.8952615E-03,-24.2078743E-03
-176.7500E-06,-83.9670076E-03,-25.2784200E-03
-176.5000E-06,-81.9824794E-03,-25.9681399E-03
-176.2500E-06,-83.8545523E-03,-26.8106254E-03
-176.0000E-06,-88.9792696E-03,-27.3933593E-03
-175.7500E-06,-92.2182014E-03,-28.0100795E-03
-175.5000E-06,-93.6809470E-03,-28.7523404E-03
-175.2500E-06,-95.0761838E-03,-29.4254324E-03
-175.0000E-06,-93.0030750E-03,-30.0968831E-03
-174.7500E-06,-94.6915295E-03,-30.7602012E-03
-174.5000E-06,-99.8746742E-03,-31.4280988E-03
-174.2500E-06,-104.6011019E-03,-32.0846403E-03
-174.0000E-06,-106.3325731E-03,-32.6592340E-03
-173.7500E-06,-111.9981114E-03,-33.3337308E-03
-173.5000E-06,-109.6243750E-03,-34.1688762E-03
-173.2500E-06,-112.3322619E-03,-34.4061572E-03
-173.0000E-06,-113.9651449E-03,-35.2889502E-03
-172.7500E-06,-121.8292145E-03,-35.8375050E-03
-172.5000E-06,-128.8797238E-03,-36.3674895E-03
-172.2500E-06,-135.7291972E-03,-37.0310932E-03
-172.0000E-06,-135.9187589E-03,-37.4915874E-03
-171.7500E-06,-140.8557669E-03,-37.8233429E-03
-171.5000E-06,-144.3992628E-03,-38.4788141E-03
-171.2500E-06,-150.7931769E-03,-38.8298937E-03
-171.0000E-06,-161.5518392E-03,-39.5097779E-03
-170.7500E-06,-169.1621307E-03,-40.0835766E-03
-170.5000E-06,-176.1590753E-03,-40.3917990E-03
-170.2500E-06,-180.9199520E-03,-40.8927937E-03
-170.0000E-06,-187.6806397E-03,-41.0004485E-03
-169.7500E-06,-194.7922780E-03,-41.4637495E-03
-169.5000E-06,-206.2525591E-03,-41.9036538E-03
-169.2500E-06,-219.1129132E-03,-42.2052617E-03
-169.0000E-06,-226.4094048E-03,-42.7190352E-03
-168.7500E-06,-233.2033838E-03,-42.9607414E-03
-168.5000E-06,-242.2717391E-03,-43.3759189E-03
-168.2500E-06,-247.4999075E-03,-43.2119977E-03
-168.0000E-06,-256.9290931E-03,-43.4632540E-03
-167.7500E-06,-270.6979680E-03,-43.6963182E-03
-167.5000E-06,-281.5431005E-03,-44.1363151E-03
-167.2500E-06,-288.4767549E-03,-44.0747180E-03
-167.0000E-06,-291.4325538E-03,-44.3499936E-03
-166.7500E-06,-298.2476552E-03,-44.2923200E-03
-166.5000E-06,-304.5241742E-03,-44.4462717E-03
-166.2500E-06,-314.6125793E-03,-44.4884830E-03
-166.0000E-06,-326.8053006E-03,-44.6449560E-03
-165.7500E-06,-330.2677801E-03,-44.6355294E-03
-165.5000E-06,-333.6245702E-03,-44.6927786E-03
-165.2500E-06,-335.5223967E-03,-44.7195354E-03
-165.0000E-06,-339.8356377E-03,-44.7795220E-03
-164.7500E-06,-345.7631864E-03,-44.8538929E-03
-164.5000E-06,-352.7856531E-03,-44.9643391E-03
-164.2500E-06,-358.3873609E-03,-45.0394511E-03
-164.0000E-06,-359.3119871E-03,-44.9669840E-03
-163.7500E-06,-358.2212372E-03,-44.8001504E-03
-163.5000E-06,-357.7864916E-03,-44.8523055E-03
-163.2500E-06,-359.7976224E-03,-44.8738807E-03
-163.0000E-06,-366.3493241E-03,-44.9077280E-03
-162.7500E-06,-372.8173850E-03,-45.1229090E-03
-162.5000E-06,-371.8927588E-03,-44.9208646E-03
-162.2500E-06,-368.8787641E-03,-44.9628598E-03
-162.0000E-06,-366.0234060E-03,-44.5800812E-03
-161.7500E-06,-363.5466816E-03,-44.6955238E-03
-161.5000E-06,-368.5147691E-03,-44.7064914E-03
-161.2500E-06,-372.8027462E-03,-44.7291472E-03
-161.0000E-06,-371.9150391E-03,-44.6317526E-03
-160.7500E-06,-367.9921375E-03,-44.5806215E-03
-160.5000E-06,-365.2215780E-03,-44.4319877E-03
-160.2500E-06,-363.6336414E-03,-44.5247822E-03
-160.0000E-06,-361.6470292E-03,-44.4884907E-03
-159.7500E-06,-364.2344335E-03,-44.6205971E-03
-159.5000E-06,-366.3248826E-03,-44.2879334E-03
-159.2500E-06,-362.6978232E-03,-44.3638685E-03
-159.0000E-06,-357.2717836E-03,-44.4324353E-03
-158.7500E-06,-353.2037530E-03,-43.9457787E-03
-158.5000E-06,-351.9094201E-03,-44.0266330E-03
-158.2500E-06,-351.3678273E-03,-43.9155153E-03
-158.0000E-06,-354.9422989E-03,-43.9411915E-03
-157.7500E-06,-348.8920292E-03,-43.8633679E-03
-157.5000E-06,-344.4486573E-03,-43.7343823E-03
-157.2500E-06,-339.2305232E-03,-43.6319836E-03
-157.0000E-06,-334.9146578E-03,-43.7387457E-03
-156.7500E-06,-333.3789738E-03,-43.3465559E-03
-156.5000E-06,-332.4400175E-03,-43.5053496E-03
-156.2500E-06,-334.6986478E-03,-43.2622489E-03
-156.0000E-06,-328.8362417E-03,-43.2595424E-03
-155.7500E-06,-323.9247292E-03,-43.3261050E-03
-155.5000E-06,-316.8574971E-03,-42.9540110E-03
-155.2500E-06,-312.2332083E-03,-42.9519991E-03
-155.0000E-06,-311.8856275E-03,-43.0109927E-03
-154.7500E-06,-310.5660306E-03,-42.8644943E-03
-154.5000E-06,-310.1734527E-03,-42.6947071E-03
-154.2500E-06,-302.6866275E-03,-42.5503364E-03
-154.0000E-06,-296.9875664E-03,-42.4802209E-03
-153.7500E-06,-292.0924680E-03,-42.4281970E-03
-153.5000E-06,-289.4664465E-03,-42.4612956E-03
-153.2500E-06,-289.9428967E-03,-42.1650005E-03
-153.0000E-06,-288.4767549E-03,-42.3538260E-03
-152.7500E-06,-280.9141620E-03,-42.1398002E-03
-152.5000E-06,-277.4214786E-03,-42.0162586E-03
-152.2500E-06,-270.5599642E-03,-42.0726614E-03
-152.0000E-06,-267.7969689E-03,-41.8835965E-03
-151.7500E-06,-264.2227288E-03,-41.6480573E-03
-151.5000E-06,-264.4128043E-03,-41.8922462E-03
-151.2500E-06,-259.7281584E-03,-41.6839937E-03
-151.0000E-06,-251.8298713E-03,-41.6362406E-03
-150.7500E-06,-247.3060233E-03,-41.2504338E-03
-150.5000E-06,-244.5961296E-03,-41.1338515E-03
-150.2500E-06,-240.6564280E-03,-41.0920106E-03
-150.0000E-06,-237.7205166E-03,-41.0010659E-03
-149.7500E-06,-236.2154489E-03,-40.8236866E-03
-149.5000E-06,-230.6878108E-03,-40.6651399E-03
-149.2500E-06,-222.8198047E-03,-40.5944146E-03
-149.0000E-06,-219.9025723E-03,-40.4161426E-03
-148.7500E-06,-217.2217247E-03,-40.3076002E-03
-148.5000E-06,-215.4843100E-03,-40.2407674E-03
-148.2500E-06,-211.2669558E-03,-40.3033294E-03
-148.0000E-06,-207.5433149E-03,-40.0601130E-03
-147.7500E-06,-199.7518750E-03,-39.7509438E-03
-147.5000E-06,-194.2066650E-03,-39.7746852E-03
-147.2500E-06,-192.8624723E-03,-39.8101044E-03
-147.0000E-06,-190.1087127E-03,-39.4934048E-03
-146.7500E-06,-189.7118124E-03,-39.2923997E-03
-146.5000E-06,-182.5407168E-03,-39.2804673E-03
-146.2500E-06,-178.0270573E-03,-39.1410053E-03
-146.0000E-06,-170.7733509E-03,-38.9348677E-03
-145.7500E-06,-167.5897591E-03,-38.9187879E-03
-145.5000E-06,-165.9966511E-03,-38.6012006E-03
-145.2500E-06,-162.3084892E-03,-38.5423923E-03
-145.0000E-06,-158.7228257E-03,-38.2563162E-03
-144.7500E-06,-154.3059021E-03,-38.3842470E-03
-144.5000E-06,-149.0557623E-03,-38.1401198E-03
-144.2500E-06,-143.6072109E-03,-37.9210231E-03
-144.0000E-06,-139.1610603E-03,-37.7509530E-03
-143.7500E-06,-137.7164268E-03,-37.5846443E-03
-143.5000E-06,-134.8940778E-03,-37.4912632E-03
-143.2500E-06,-132.5383764E-03,-37.2823495E-03
-143.0000E-06,-125.6626863E-03,-37.2058355E-03
-142.7500E-06,-118.8097395E-03,-37.0769270E-03
-142.5000E-06,-114.2000896E-03,-36.8504542E-03
-142.2500E-06,-110.1062282E-03,-36.6269401E-03
-142.0000E-06,-105.2058039E-03,-36.1827187E-03
-141.7500E-06,-108.6322134E-03,-36.0509956E-03
-141.5000E-06,-102.9866398E-03,-36.3275757E-03
-141.2500E-06,-96.1122618E-03,-35.9353473E-03
-141.0000E-06,-91.5065484E-03,-35.7762834E-03
-140.7500E-06,-87.9326943E-03,-35.5530317E-03
-140.5000E-06,-84.9591691E-03,-35.3611472E-03
-140.2500E-06,-81.1775639E-03,-35.0951438E-03
-140.0000E-06,-79.8308241E-03,-34.9308624E-03
-139.7500E-06,-73.2364916E-03,-34.7920334E-03
-139.5000E-06,-70.6704413E-03,-34.6692842E-03
-139.2500E-06,-66.4895430E-03,-34.4621123E-03
-139.0000E-06,-60.4671616E-03,-34.0718881E-03
-138.7500E-06,-58.1140073E-03,-33.8751770E-03
-138.5000E-06,-58.0390886E-03,-33.6319606E-03
-138.2500E-06,-54.2712225E-03,-33.4649881E-03
-138.0000E-06,-48.1295162E-03,-33.2266214E-03
-137.7500E-06,-43.7413565E-03,-33.0530652E-03
-137.5000E-06,-40.7408428E-03,-32.7595976E-03
-137.2500E-06,-38.3045109E-03,-32.7862849E-03
-137.0000E-06,-35.3941215E-03,-32.2021153E-03
-136.7500E-06,-34.1367077E-03,-32.0801997E-03
-136.5000E-06,-30.7369008E-03,-31.9423946E-03
-136.2500E-06,-26.0562687E-03,-31.5930645E-03
-136.0000E-06,-21.5565534E-03,-31.3613047E-03
-135.7500E-06,-20.3706114E-03,-31.0068316E-03
-135.5000E-06,-18.3735791E-03,-30.8138665E-03
-135.2500E-06,-15.2664763E-03,-30.4355516E-03
-135.0000E-06,-14.0072365E-03,-30.3672086E-03
-134.7500E-06,-11.7431766E-03,-30.1237067E-03
-134.5000E-06,-8.4523782E-03,-29.8704385E-03
-134.2500E-06,-6.6059817E-03,-29.3967795E-03
-134.0000E-06,-7.1888932E-03,-29.2659827E-03
-133.7500E-06,-3.7445259E-03,-29.1616030E-03
-133.5000E-06,-3.4947108E-03,-28.9463835E-03
-133.2500E-06,-2.6231862E-03,-28.8477462E-03
-133.0000E-06,+653.2049E-06,-28.4125758E-03
-132.7500E-06,+1.4170333E-03,-28.5349005E-03
-132.5000E-06,+1.7774005E-03,-28.2569338E-03
-132.2500E-06,+1.7602145E-03,-28.3232648E-03
-132.0000E-06,+2.2525385E-03,-27.9356159E-03
-131.7500E-06,+3.4987604E-03,-27.8157431E-03
-131.5000E-06,+5.5749567E-03,-27.8526185E-03
-131.2500E-06,+4.4880661E-03,-27.7848622E-03
-131.0000E-06,+6.1034544E-03,-27.2292065E-03
-130.7500E-06,+7.5276601E-03,-27.1266921E-03
-130.5000E-06,+7.7198196E-03,-27.1601793E-03
-130.2500E-06,+8.5081666E-03,-26.8621012E-03
-130.0000E-06,+8.1002286E-03,-26.7492417E-03
-129.7500E-06,+10.5829735E-03,-26.9592565E-03
-129.5000E-06,+11.6728743E-03,-26.5403435E-03
-129.2500E-06,+12.1649667E-03,-26.4559207E-03
-129.0000E-06,+11.8694334E-03,-26.1704930E-03
-128.7500E-06,+11.8232520E-03,-25.9360652E-03
-128.5000E-06,+14.2800117E-03,-25.7367710E-03
-128.2500E-06,+17.0508800E-03,-25.4899863E-03
-128.0000E-06,+17.6694756E-03,-25.4733044E-03
-127.7500E-06,+18.3463707E-03,-25.2577761E-03
-127.5000E-06,+17.5609568E-03,-25.0106903E-03
-127.2500E-06,+20.9564412E-03,-24.6858195E-03
-127.0000E-06,+23.7257658E-03,-24.3241633E-03
-126.7500E-06,+24.2097031E-03,-24.2866137E-03
-126.5000E-06,+25.0539303E-03,-23.9155155E-03
-126.2500E-06,+27.4056953E-03,-23.5431977E-03
-126.0000E-06,+27.4598775E-03,-23.3233164E-03
-125.7500E-06,+27.3268401E-03,-22.8099879E-03
-125.5000E-06,+32.1107689E-03,-22.4597779E-03
-125.2500E-06,+32.3829414E-03,-22.0234420E-03
-125.0000E-06,+35.6392135E-03,-21.8038821E-03
-124.7500E-06,+34.3728726E-03,-21.2256042E-03
-124.5000E-06,+37.4946408E-03,-20.6123830E-03
-124.2500E-06,+38.9217795E-03,-20.0987407E-03
-124.0000E-06,+41.7188646E-03,-19.6169388E-03
-123.7500E-06,+42.9774097E-03,-18.9602739E-03
-123.5000E-06,+43.1598703E-03,-18.5715522E-03
-123.2500E-06,+45.1328471E-03,-17.8644816E-03
-123.0000E-06,+46.4208507E-03,-17.1733365E-03
-122.7500E-06,+45.5380063E-03,-16.4719852E-03
-122.5000E-06,+48.6118178E-03,-15.7845474E-03
-122.2500E-06,+50.4472804E-03,-15.2722995E-03
-122.0000E-06,+54.5721947E-03,-14.3175256E-03
-121.7500E-06,+49.3275351E-03,-13.6526252E-03
-121.5000E-06,+50.5737570E-03,-12.8932992E-03
-121.2500E-06,+51.8279291E-03,-12.1670899E-03
-121.0000E-06,+50.8848048E-03,-11.5257252E-03
-120.7500E-06,+53.1561708E-03,-11.1165680E-03
-120.5000E-06,+57.1280830E-03,-10.3924682E-03
-120.2500E-06,+59.0954518E-03,-9.6888607E-03
-120.0000E-06,+56.5515780E-03,-8.7693054E-03
-119.7500E-06,+55.7797223E-03,-8.0217266E-03
-119.5000E-06,+55.5352837E-03,-7.1643164E-03
-119.2500E-06,+56.9117908E-03,-6.4296041E-03
-119.0000E-06,+58.7594223E-03,-5.8261028E-03
-118.7500E-06,+60.2653391E-03,-4.9200545E-03
-118.5000E-06,+59.9518479E-03,-4.2751523E-03
-118.2500E-06,+59.0777762E-03,-3.3895909E-03
-118.0000E-06,+58.4264031E-03,-2.6306046E-03
-117.7500E-06,+61.1345481E-03,-1.7547117E-03
-117.5000E-06,+63.3841742E-03,-849.3709E-06
-117.2500E-06,+64.2870604E-03,-236.3041E-06
-117.0000E-06,+65.9451567E-03,+811.4264E-06
-116.7500E-06,+65.1214079E-03,+1.6709076E-03
-116.5000E-06,+64.0676036E-03,+2.3757450E-03
-116.2500E-06,+67.0994790E-03,+3.1188342E-03
-116.0000E-06,+67.2886547E-03,+3.9590095E-03
-115.7500E-06,+71.8666078E-03,+4.6481273E-03
-115.5000E-06,+69.2736460E-03,+5.4814691E-03
-115.2500E-06,+68.5182816E-03,+6.3740978E-03
-115.0000E-06,+70.3172111E-03,+7.5122867E-03
-114.7500E-06,+71.0424995E-03,+8.3007288E-03
-114.5000E-06,+69.6639349E-03,+9.3432776E-03
-114.2500E-06,+74.9018021E-03,+9.8402639E-03
-114.0000E-06,+76.8130325E-03,+10.5457934E-03
-113.7500E-06,+76.2485420E-03,+11.5635537E-03
-113.5000E-06,+75.3423367E-03,+12.3838130E-03
-113.2500E-06,+77.3022184E-03,+13.5669044E-03
-113.0000E-06,+75.1497913E-03,+14.4069381E-03
-112.7500E-06,+79.0962852E-03,+15.0610535E-03
-112.5000E-06,+82.8698365E-03,+15.6833231E-03
-112.2500E-06,+81.4511882E-03,+16.7801316E-03
-112.0000E-06,+80.5265620E-03,+17.8776193E-03
-111.7500E-06,+82.4010277E-03,+18.7811566E-03
-111.5000E-06,+82.3775125E-03,+19.7984152E-03
-111.2500E-06,+85.0859397E-03,+20.4478353E-03
-111.0000E-06,+85.5889419E-03,+21.1773146E-03
-110.7500E-06,+88.5248268E-03,+21.9345901E-03
-110.5000E-06,+89.6050794E-03,+23.0191574E-03
-110.2500E-06,+89.4126883E-03,+23.9994325E-03
-110.0000E-06,+90.0122454E-03,+25.0397765E-03
-109.7500E-06,+92.1699212E-03,+25.9053115E-03
-109.5000E-06,+95.8614793E-03,+26.6121582E-03
-109.2500E-06,+94.5916650E-03,+27.3871703E-03
-109.0000E-06,+98.1013292E-03,+28.0588757E-03
-108.7500E-06,+100.6759472E-03,+29.1697366E-03
-108.5000E-06,+99.4629394E-03,+30.2103303E-03
-108.2500E-06,+103.3405858E-03,+30.9940770E-03
-108.0000E-06,+102.5339988E-03,+31.7058120E-03
-107.7500E-06,+111.0207283E-03,+32.4014672E-03
-107.5000E-06,+112.7345505E-03,+33.1617966E-03
-107.2500E-06,+113.2099201E-03,+33.9201887E-03
-107.0000E-06,+115.5764782E-03,+34.7310137E-03
-106.7500E-06,+119.5190622E-03,+35.5627554E-03
-106.5000E-06,+126.3520949E-03,+36.2178561E-03
-106.2500E-06,+130.6169427E-03,+36.7381052E-03
-106.0000E-06,+135.1413310E-03,+37.0628448E-03
-105.7500E-06,+140.8534366E-03,+37.9170648E-03
-105.5000E-06,+144.2338962E-03,+38.9774815E-03
-105.2500E-06,+150.7192203E-03,+39.4193360E-03
-105.0000E-06,+156.7583246E-03,+40.2553381E-03
-104.7500E-06,+163.9159126E-03,+40.4672903E-03
-104.5000E-06,+171.4977490E-03,+40.6187978E-03
-104.2500E-06,+180.7310702E-03,+41.0593582E-03
-104.0000E-06,+191.3951579E-03,+42.0296715E-03
-103.7500E-06,+196.8625162E-03,+42.6383313E-03
-103.5000E-06,+206.4852506E-03,+43.1931070E-03
-103.2500E-06,+216.6744053E-03,+43.5258711E-03
-103.0000E-06,+225.2865067E-03,+43.5757595E-03
-102.7500E-06,+239.9562610E-03,+43.5454266E-03
-102.5000E-06,+248.1207267E-03,+44.0848481E-03
-102.2500E-06,+258.7027680E-03,+44.6661182E-03
-102.0000E-06,+266.5748649E-03,+44.9932093E-03
-101.7500E-06,+278.4816746E-03,+45.5130802E-03
-101.5000E-06,+289.2117540E-03,+45.2841170E-03
-101.2500E-06,+297.8659193E-03,+45.1198434E-03
-101.0000E-06,+305.6374717E-03,+44.9645178E-03
-100.7500E-06,+314.2952648E-03,+45.5333614E-03
-100.5000E-06,+322.2095294E-03,+46.0859399E-03
-100.2500E-06,+328.4351586E-03,+46.3101642E-03
-100.0000E-06,+333.6430535E-03,+46.3349991E-03
-99.7500E-06,+340.5904206E-03,+45.9337300E-03
-99.5000E-06,+346.6991177E-03,+45.5265847E-03
-99.2500E-06,+353.0400846E-03,+45.9839813E-03
-99.0000E-06,+356.8409598E-03,+46.3494374E-03
-98.7500E-06,+360.1552468E-03,+46.4073993E-03
-98.5000E-06,+359.9182446E-03,+46.9299665E-03
-98.2500E-06,+365.3505098E-03,+46.3859913E-03
-98.0000E-06,+368.0822978E-03,+45.9839813E-03
-97.7500E-06,+371.1030077E-03,+45.8679624E-03
-97.5000E-06,+370.0270004E-03,+46.2255639E-03
-97.2500E-06,+370.8071657E-03,+46.4362426E-03
-97.0000E-06,+369.0622133E-03,+46.5451632E-03
-96.7500E-06,+370.7047953E-03,+46.5290834E-03
-96.5000E-06,+371.4409403E-03,+46.1200960E-03
-96.2500E-06,+369.1225704E-03,+45.6417031E-03
-96.0000E-06,+370.9327160E-03,+45.7104242E-03
-95.7500E-06,+366.5823244E-03,+45.9839813E-03
-95.5000E-06,+364.7895698E-03,+46.2984143E-03
-95.2500E-06,+364.2870572E-03,+46.1886241E-03
-95.0000E-06,+362.5823429E-03,+45.8332275E-03
-94.7500E-06,+359.2274825E-03,+45.3699573E-03
-94.5000E-06,+359.7481845E-03,+45.2042738E-03
-94.2500E-06,+355.2561613E-03,+45.2804637E-03
-94.0000E-06,+350.9832861E-03,+45.4138976E-03
-93.7500E-06,+347.7002835E-03,+45.6322225E-03
-93.5000E-06,+345.3802155E-03,+45.6636102E-03
-93.2500E-06,+342.8378854E-03,+45.0081390E-03
-93.0000E-06,+340.0945195E-03,+44.5506215E-03
-92.7500E-06,+336.6028395E-03,+44.4627616E-03
-92.5000E-06,+332.2189757E-03,+44.9389496E-03
-92.2500E-06,+330.5084725E-03,+45.3196906E-03
-92.0000E-06,+323.7002405E-03,+44.9403749E-03
-91.7500E-06,+322.2147516E-03,+44.6324458E-03
-91.5000E-06,+318.7133462E-03,+44.1904292E-03
-91.2500E-06,+315.1472107E-03,+43.9546147E-03
-91.0000E-06,+311.5232387E-03,+44.0732089E-03
-90.7500E-06,+307.3344674E-03,+44.5477787E-03
-90.5000E-06,+303.4065753E-03,+44.5654767E-03
-90.2500E-06,+298.3392821E-03,+44.2014613E-03
-90.0000E-06,+296.8557999E-03,+43.7823835E-03
-89.7500E-06,+292.2046769E-03,+43.4378413E-03
-89.5000E-06,+288.3332054E-03,+43.5074012E-03
-89.2500E-06,+282.5685892E-03,+43.7413608E-03
-89.0000E-06,+277.4429457E-03,+44.1192511E-03
-88.7500E-06,+274.8298650E-03,+43.7019768E-03
-88.5000E-06,+271.8589642E-03,+43.2917262E-03
-88.2500E-06,+267.8207515E-03,+42.8505252E-03
-88.0000E-06,+264.1524506E-03,+42.8535328E-03
-87.7500E-06,+259.0971212E-03,+42.9606653E-03
-87.5000E-06,+255.7383243E-03,+43.2213663E-03
-87.2500E-06,+248.7875611E-03,+43.1431773E-03
-87.0000E-06,+245.7202332E-03,+42.6621705E-03
-86.7500E-06,+241.1473479E-03,+42.4376478E-03
-86.5000E-06,+239.6639430E-03,+42.2424701E-03
-86.2500E-06,+233.7160943E-03,+41.9546394E-03
-86.0000E-06,+228.9784241E-03,+42.3200648E-03
-85.7500E-06,+221.4206167E-03,+42.6440891E-03
-85.5000E-06,+219.0609281E-03,+42.2237867E-03
-85.2500E-06,+217.2699488E-03,+41.8066899E-03
-85.0000E-06,+212.7211190E-03,+41.3608657E-03
-84.7500E-06,+208.0056519E-03,+41.0324420E-03
-84.5000E-06,+205.3663544E-03,+41.3275124E-03
-84.2500E-06,+198.9222718E-03,+41.7864192E-03
-84.0000E-06,+194.1441054E-03,+41.3964316E-03
-83.7500E-06,+190.0095429E-03,+41.2499023E-03
-83.5000E-06,+187.4026370E-03,+40.5847807E-03
-83.2500E-06,+183.9592731E-03,+40.3055894E-03
-83.0000E-06,+177.6018415E-03,+40.4625795E-03
-82.7500E-06,+172.9019128E-03,+40.8493357E-03
-82.5000E-06,+168.7112384E-03,+40.7982585E-03
-82.2500E-06,+163.3500062E-03,+40.4887111E-03
-82.0000E-06,+161.7744966E-03,+40.0331952E-03
-81.7500E-06,+158.2569087E-03,+39.5355323E-03
-81.5000E-06,+155.0768674E-03,+39.4183248E-03
-81.2500E-06,+149.6996070E-03,+39.4521516E-03
-81.0000E-06,+145.0349524E-03,+39.8063391E-03
-80.7500E-06,+138.2887491E-03,+39.6840658E-03
-80.5000E-06,+137.9172936E-03,+39.1449531E-03
-80.2500E-06,+134.4558176E-03,+38.6106977E-03
-80.0000E-06,+130.3109121E-03,+38.3560506E-03
-79.7500E-06,+128.4754495E-03,+38.4551741E-03
-79.5000E-06,+120.8012503E-03,+38.4462929E-03
-79.2500E-06,+114.7636391E-03,+38.7252681E-03
-79.0000E-06,+111.3042471E-03,+38.2478297E-03
-78.7500E-06,+110.5182157E-03,+37.9224109E-03
-78.5000E-06,+106.7551858E-03,+37.3664723E-03
-78.2500E-06,+101.9755022E-03,+37.2233339E-03
-78.0000E-06,+96.5240178E-03,+37.3910165E-03
-77.7500E-06,+91.1285680E-03,+37.6451337E-03
-77.5000E-06,+87.8003874E-03,+37.2905140E-03
-77.2500E-06,+88.4076632E-03,+36.8047219E-03
-77.0000E-06,+83.5253776E-03,+36.2923736E-03
-76.7500E-06,+81.6252355E-03,+36.2102612E-03
-76.5000E-06,+75.9525962E-03,+36.2244629E-03
-76.2500E-06,+70.4048390E-03,+36.1347351E-03
-76.0000E-06,+67.1571345E-03,+36.2241130E-03
-75.7500E-06,+63.7687513E-03,+35.5867103E-03
-75.5000E-06,+63.4722652E-03,+35.2315761E-03
-75.2500E-06,+58.3394699E-03,+34.8282025E-03
-75.0000E-06,+57.2540458E-03,+34.7775190E-03
-74.7500E-06,+51.1104099E-03,+34.8628062E-03
-74.5000E-06,+46.6725183E-03,+34.8308627E-03
-74.2500E-06,+43.5862798E-03,+34.3734970E-03
-74.0000E-06,+41.7207170E-03,+33.8414852E-03
-73.7500E-06,+38.7615992E-03,+33.3811840E-03
-73.5000E-06,+38.2900889E-03,+32.9364789E-03
-73.2500E-06,+33.6337944E-03,+32.9805297E-03
-73.0000E-06,+31.1212316E-03,+33.1058080E-03
-72.7500E-06,+25.8125100E-03,+33.1002559E-03
-72.5000E-06,+24.0860558E-03,+32.5155487E-03
-72.2500E-06,+24.0860558E-03,+32.0643834E-03
-72.0000E-06,+21.5734930E-03,+31.7083847E-03
-71.7500E-06,+17.6293919E-03,+31.6509735E-03
-71.5000E-06,+16.5194492E-03,+31.4850481E-03
-71.2500E-06,+12.1196344E-03,+31.3200026E-03
-71.0000E-06,+10.9648491E-03,+31.1654488E-03
-70.7500E-06,+11.0944903E-03,+30.7509351E-03
-70.5000E-06,+10.2032591E-03,+30.3308334E-03
-70.2500E-06,+9.5310723E-03,+29.8155933E-03
-70.0000E-06,+9.6114712E-03,+30.0543332E-03
-69.7500E-06,+6.8889961E-03,+30.1615403E-03
-69.5000E-06,+4.4880661E-03,+30.1563999E-03
-69.2500E-06,+3.1301608E-03,+29.8247421E-03
-69.0000E-06,+5.9062778E-03,+29.5098331E-03
-68.7500E-06,+6.9983905E-03,+29.2494177E-03
-68.5000E-06,+4.2200351E-03,+29.1230075E-03
-68.2500E-06,+916.8098E-06,+29.1154153E-03
-68.0000E-06,-1.8548304E-03,+29.1761660E-03
-67.7500E-06,-1.1288208E-03,+29.1357246E-03
-67.5000E-06,-1.2338156E-03,+28.4360174E-03
-67.2500E-06,+423.2508E-06,+28.3022465E-03
-67.0000E-06,+796.3537E-06,+28.3013434E-03
-66.7500E-06,-2.6343010E-03,+28.1586295E-03
-66.5000E-06,-3.9898135E-03,+28.2517714E-03
-66.2500E-06,-4.1619577E-03,+28.1148616E-03
-66.0000E-06,-4.6910464E-03,+27.8957314E-03
-65.7500E-06,-3.5946113E-03,+27.3825213E-03
-65.5000E-06,-6.0267751E-03,+27.3682631E-03
-65.2500E-06,-7.9564264E-03,+27.3171011E-03
-65.0000E-06,-9.3949887E-03,+27.1292532E-03
-64.7500E-06,-12.2067898E-03,+27.1620997E-03
-64.5000E-06,-12.3849014E-03,+26.8815576E-03
-64.2500E-06,-9.3927503E-03,+26.5242262E-03
-64.0000E-06,-13.0286596E-03,+26.2334574E-03
-63.7500E-06,-12.9034687E-03,+25.9435504E-03
-63.5000E-06,-14.1381898E-03,+25.8510878E-03
-63.2500E-06,-17.3789741E-03,+25.9047326E-03
-63.0000E-06,-18.7774527E-03,+25.6009172E-03
-62.7500E-06,-19.6387622E-03,+25.0374791E-03
-62.5000E-06,-17.1338674E-03,+24.6269660E-03
-62.2500E-06,-23.5304830E-03,+24.1983613E-03
-62.0000E-06,-22.5934805E-03,+23.7675131E-03
-61.7500E-06,-26.4040811E-03,+23.6032344E-03
-61.5000E-06,-29.2219533E-03,+23.4028442E-03
-61.2500E-06,-28.7922513E-03,+22.7861368E-03
-61.0000E-06,-29.6603532E-03,+22.2128938E-03
-60.7500E-06,-30.4559557E-03,+21.8015344E-03
-60.5000E-06,-32.3701963E-03,+21.3157087E-03
-60.2500E-06,-34.7729016E-03,+20.6946020E-03
-60.0000E-06,-35.7246708E-03,+20.2745002E-03
-59.7500E-06,-37.8459413E-03,+19.6913495E-03
-59.5000E-06,-37.7229887E-03,+18.8312817E-03
-59.2500E-06,-38.6523233E-03,+18.3420061E-03
-59.0000E-06,-40.3537957E-03,+17.8462316E-03
-58.7500E-06,-40.6328378E-03,+17.1397605E-03
-58.5000E-06,-41.2961482E-03,+16.3747589E-03
-58.2500E-06,-42.4619711E-03,+16.0415626E-03
-58.0000E-06,-41.1152313E-03,+15.0292077E-03
-57.7500E-06,-42.2278755E-03,+14.4315105E-03
-57.5000E-06,-43.2506269E-03,+13.8109877E-03
-57.2500E-06,-44.9366886E-03,+13.3629818E-03
-57.0000E-06,-44.0120624E-03,+12.5684295E-03
-56.7500E-06,-46.2139393E-03,+11.9802002E-03
-56.5000E-06,-47.5248648E-03,+11.3277494E-03
-56.2500E-06,-46.2728805E-03,+10.5058769E-03
-56.0000E-06,-46.6902086E-03,+9.9079327E-03
-55.7500E-06,-48.4887522E-03,+9.2978348E-03
-55.5000E-06,-49.0419736E-03,+8.8960641E-03
-55.2500E-06,-50.5575892E-03,+8.0897928E-03
-55.0000E-06,-52.6834137E-03,+7.5006063E-03
-54.7500E-06,-49.8508255E-03,+6.6807457E-03
-54.5000E-06,-49.2807776E-03,+5.9453078E-03
-54.2500E-06,-51.3278506E-03,+5.4261547E-03
-54.0000E-06,-51.2908278E-03,+4.6862890E-03
-53.7500E-06,-53.5043067E-03,+4.1234734E-03
-53.5000E-06,-53.9056331E-03,+3.4232464E-03
-53.2500E-06,-55.7708100E-03,+2.7219131E-03
-53.0000E-06,-55.6623684E-03,+2.1573326E-03
-52.7500E-06,-54.3059031E-03,+1.1214266E-03
-52.5000E-06,-55.6148749E-03,+424.7293E-06
-52.2500E-06,-57.1547270E-03,-191.3811E-06
-52.0000E-06,-59.9766900E-03,-1.0438875E-03
-51.7500E-06,-60.2105541E-03,-1.4783041E-03
-51.5000E-06,-58.3436527E-03,-2.4009184E-03
-51.2500E-06,-58.9265641E-03,-2.9901562E-03
-51.0000E-06,-58.6500692E-03,-3.9883251E-03
-50.7500E-06,-60.7930290E-03,-4.3144899E-03
-50.5000E-06,-61.8563007E-03,-5.2396460E-03
-50.2500E-06,-62.3461040E-03,-5.9007053E-03
-50.0000E-06,-62.3609238E-03,-6.4798117E-03
-49.7500E-06,-66.3232143E-03,-7.1818473E-03
-49.5000E-06,-64.3836832E-03,-8.0863699E-03
-49.2500E-06,-63.5898560E-03,-8.7948993E-03
-49.0000E-06,-65.4088273E-03,-9.4248152E-03
-48.7500E-06,-66.6751682E-03,-10.2883691E-03
-48.5000E-06,-64.9264338E-03,-10.6627374E-03
-48.2500E-06,-69.2656600E-03,-11.6426471E-03
-48.0000E-06,-67.0069259E-03,-12.3614830E-03
-47.7500E-06,-69.5118738E-03,-13.1026941E-03
-47.5000E-06,-70.8888175E-03,-13.7373620E-03
-47.2500E-06,-71.2581383E-03,-14.2908873E-03
-47.0000E-06,-72.3109392E-03,-15.3310924E-03
-46.7500E-06,-71.4290210E-03,-15.8175251E-03
-46.5000E-06,-73.1953539E-03,-16.8064705E-03
-46.2500E-06,-71.2983764E-03,-17.4343616E-03
-46.0000E-06,-74.0722549E-03,-18.1816034E-03
-45.7500E-06,-74.2631795E-03,-18.8544613E-03
-45.5000E-06,-76.6048330E-03,-19.4180437E-03
-45.2500E-06,-78.3562183E-03,-20.3494335E-03
-45.0000E-06,-77.2255392E-03,-20.8808460E-03
-44.7500E-06,-77.1299346E-03,-21.7157779E-03
-44.5000E-06,-80.1627627E-03,-22.5054754E-03
-44.2500E-06,-80.0849109E-03,-23.0436619E-03
-44.0000E-06,-83.3686854E-03,-23.8647806E-03
-43.7500E-06,-83.4490843E-03,-24.8210569E-03
-43.5000E-06,-82.6801617E-03,-25.3374162E-03
-43.2500E-06,-84.9591691E-03,-26.3014777E-03
-43.0000E-06,-87.7860215E-03,-26.8163087E-03
-42.7500E-06,-89.4339027E-03,-27.4833546E-03
-42.5000E-06,-90.5124330E-03,-28.2577365E-03
-42.2500E-06,-89.7084438E-03,-28.8971897E-03
-42.0000E-06,-95.2232691E-03,-29.5592677E-03
-41.7500E-06,-94.7331569E-03,-30.1328580E-03
-41.5000E-06,-98.0899470E-03,-31.0293407E-03
-41.2500E-06,-99.7356163E-03,-31.5931340E-03
-41.0000E-06,-104.5571589E-03,-32.0931742E-03
-40.7500E-06,-103.8944153E-03,-32.7223208E-03
-40.5000E-06,-106.5672091E-03,-33.4406858E-03
-40.2500E-06,-110.4388350E-03,-34.1995128E-03
-40.0000E-06,-114.1048975E-03,-34.5700784E-03
-39.7500E-06,-118.2935916E-03,-35.1442426E-03
-39.5000E-06,-124.3691518E-03,-35.8751240E-03
-39.2500E-06,-128.2381533E-03,-36.6918432E-03
-39.0000E-06,-129.7002814E-03,-36.6430790E-03
-38.7500E-06,-135.1255757E-03,-37.4637758E-03
-38.5000E-06,-140.0248928E-03,-38.1447406E-03
-38.2500E-06,-148.0021895E-03,-38.6376464E-03
-38.0000E-06,-155.6132794E-03,-39.0913947E-03
-37.7500E-06,-161.8392173E-03,-39.5100094E-03
-37.5000E-06,-168.3893753E-03,-39.9467158E-03
-37.2500E-06,-174.2867201E-03,-40.2585376E-03
-37.0000E-06,-180.1482000E-03,-40.7468870E-03
-36.7500E-06,-190.5882769E-03,-41.1014450E-03
-36.5000E-06,-200.7687096E-03,-41.7092711E-03
-36.2500E-06,-210.3042793E-03,-41.8372251E-03
-36.0000E-06,-220.2260205E-03,-42.3622750E-03
-35.7500E-06,-226.3794325E-03,-42.4079776E-03
-35.5000E-06,-231.1903233E-03,-42.7685713E-03
-35.2500E-06,-241.8086928E-03,-43.1464617E-03
-35.0000E-06,-254.1155168E-03,-43.3532323E-03
-34.7500E-06,-263.3321923E-03,-43.4623072E-03
-34.5000E-06,-272.3653267E-03,-43.8738365E-03
-34.2500E-06,-280.3239443E-03,-43.9117616E-03
-34.0000E-06,-286.1128983E-03,-44.0544755E-03
-33.7500E-06,-291.3993396E-03,-44.2077737E-03
-33.5000E-06,-301.6009985E-03,-44.3677766E-03
-33.2500E-06,-309.0060354E-03,-44.4969552E-03
-33.0000E-06,-317.6868033E-03,-44.7445941E-03
-32.7500E-06,-325.1775891E-03,-44.7195354E-03
-32.5000E-06,-328.7755759E-03,-44.7195354E-03
-32.2500E-06,-333.1361055E-03,-44.6482492E-03
-32.0000E-06,-336.9471427E-03,-44.6663409E-03
-31.7500E-06,-343.7411217E-03,-44.6856340E-03
-31.5000E-06,-349.9494878E-03,-44.8869092E-03
-31.2500E-06,-354.8057110E-03,-44.9210807E-03
-31.0000E-06,-357.3209753E-03,-44.9821942E-03
-30.7500E-06,-357.1628789E-03,-44.8386699E-03
-30.5000E-06,-358.1385492E-03,-44.9707916E-03
-30.2500E-06,-361.5246941E-03,-44.9485707E-03
-30.0000E-06,-366.0701277E-03,-45.0506503E-03
-29.7500E-06,-367.8052773E-03,-44.8246020E-03
-29.5000E-06,-370.4438801E-03,-44.8100915E-03
-29.2500E-06,-368.1496936E-03,-44.8249775E-03
-29.0000E-06,-366.9555699E-03,-44.8245043E-03
-28.7500E-06,-368.1861760E-03,-44.7290391E-03
-28.5000E-06,-370.5187988E-03,-44.9214563E-03
-28.2500E-06,-372.8559250E-03,-44.5400001E-03
-28.0000E-06,-372.4338113E-03,-44.8440676E-03
-27.7500E-06,-369.7659309E-03,-44.9652217E-03
-27.5000E-06,-365.4534352E-03,-44.4682791E-03
-27.2500E-06,-362.9582128E-03,-44.2170228E-03
-27.0000E-06,-364.1413760E-03,-44.2529283E-03
-26.7500E-06,-365.2370152E-03,-44.5248362E-03
-26.5000E-06,-367.7523567E-03,-44.3261955E-03
-26.2500E-06,-361.5365542E-03,-44.4082539E-03
-26.0000E-06,-359.8335380E-03,-44.2430799E-03
-25.7500E-06,-355.0523879E-03,-44.1350932E-03
-25.5000E-06,-353.1137324E-03,-44.0347320E-03
-25.2500E-06,-352.9647175E-03,-44.1335005E-03
-25.0000E-06,-352.7955835E-03,-44.2664405E-03
-24.7500E-06,-351.2908246E-03,-43.8113336E-03
-24.5000E-06,-345.9212056E-03,-43.8867570E-03
-24.2500E-06,-339.2048468E-03,-43.5586212E-03
-24.0000E-06,-337.0853515E-03,-43.7917858E-03
-23.7500E-06,-337.1171763E-03,-43.6642590E-03
-23.5000E-06,-338.1110095E-03,-43.5203745E-03
-23.2500E-06,-334.7654114E-03,-43.4690041E-03
-23.0000E-06,-329.8697726E-03,-43.3262902E-03
-22.7500E-06,-322.0132673E-03,-43.2404190E-03
-22.5000E-06,-317.0250873E-03,-43.2527606E-03
-22.2500E-06,-315.2244862E-03,-43.0868120E-03
-22.0000E-06,-316.9479037E-03,-43.2579473E-03
-21.7500E-06,-315.0725383E-03,-43.0184691E-03
-21.5000E-06,-309.7550681E-03,-42.8217658E-03
-21.2500E-06,-305.2437243E-03,-42.7795544E-03
-21.0000E-06,-297.9698482E-03,-42.5865893E-03
-20.7500E-06,-295.2248613E-03,-42.5228336E-03
-20.5000E-06,-294.3806340E-03,-42.3640399E-03
-20.2500E-06,-294.4033267E-03,-42.5033012E-03
-20.0000E-06,-290.9893177E-03,-42.3996316E-03
-19.7500E-06,-283.4516293E-03,-42.0969689E-03
-19.5000E-06,-277.1774260E-03,-41.8523323E-03
-19.2500E-06,-272.8988656E-03,-41.9229856E-03
-19.0000E-06,-272.1495724E-03,-41.8718648E-03
-18.7500E-06,-272.3792177E-03,-41.8543570E-03
-18.5000E-06,-268.4537956E-03,-41.6697174E-03
-18.2500E-06,-265.0452933E-03,-41.6140144E-03
-18.0000E-06,-257.0309739E-03,-41.5588724E-03
-17.7500E-06,-249.6483209E-03,-41.3159467E-03
-17.5000E-06,-245.8522047E-03,-41.2714378E-03
-17.2500E-06,-242.9089365E-03,-41.0991475E-03
-17.0000E-06,-243.0209287E-03,-41.1014450E-03
-16.7500E-06,-239.0927013E-03,-41.0876627E-03
-16.5000E-06,-234.6418424E-03,-40.8085458E-03
-16.2500E-06,-226.0560350E-03,-40.8094103E-03
-16.0000E-06,-223.1672047E-03,-40.5107792E-03
-15.7500E-06,-220.5082778E-03,-40.6233273E-03
-15.5000E-06,-218.0876919E-03,-40.2658261E-03
-15.2500E-06,-217.2376756E-03,-40.3241353E-03
-15.0000E-06,-209.4759765E-03,-40.0964198E-03
-14.7500E-06,-203.0496201E-03,-39.9402170E-03
-14.5000E-06,-195.8708324E-03,-39.8308024E-03
-14.2500E-06,-193.1257949E-03,-39.6504798E-03
-14.0000E-06,-193.5534394E-03,-39.6961284E-03
-13.7500E-06,-192.4968564E-03,-39.4821875E-03
-13.5000E-06,-186.7912345E-03,-39.4075568E-03
-13.2500E-06,-177.7226211E-03,-39.2665615E-03
-13.0000E-06,-172.9215063E-03,-39.0411435E-03
-12.7500E-06,-168.8787662E-03,-38.8234720E-03
-12.5000E-06,-168.3557222E-03,-38.9897190E-03
-12.2500E-06,-167.7188094E-03,-38.7086496E-03
-12.0000E-06,-165.2322318E-03,-38.5730957E-03
-11.7500E-06,-158.3000173E-03,-38.4619548E-03
-11.5000E-06,-149.6361772E-03,-38.2138347E-03
-11.2500E-06,-145.9700906E-03,-37.9666511E-03
-11.0000E-06,-142.2917049E-03,-37.9858671E-03
-10.7500E-06,-140.8527567E-03,-37.9184118E-03
-10.5000E-06,-138.4040509E-03,-37.5700825E-03
-10.2500E-06,-133.9210319E-03,-37.4853020E-03
-10.0000E-06,-127.7524914E-03,-37.4032489E-03
-9.7500E-06,-121.6425858E-03,-37.0566305E-03
-9.5000E-06,-115.5692640E-03,-36.8889737E-03
-9.2500E-06,-115.1099226E-03,-36.8338110E-03
-9.0000E-06,-111.6779557E-03,-36.6408459E-03
-8.7500E-06,-110.0699001E-03,-36.4966423E-03
-8.5000E-06,-105.3924326E-03,-36.2834322E-03
-8.2500E-06,-99.9623021E-03,-36.0906084E-03
-8.0000E-06,-94.5069077E-03,-35.7308896E-03
-7.7500E-06,-91.4918324E-03,-35.5372426E-03
-7.5000E-06,-88.8667878E-03,-35.4230531E-03
-7.2500E-06,-89.1259689E-03,-35.4230531E-03
-7.0000E-06,-82.9632174E-03,-34.9938026E-03
-6.7500E-06,-78.7984751E-03,-34.9882814E-03
-6.5000E-06,-71.6436151E-03,-34.6357148E-03
-6.2500E-06,-67.3561783E-03,-34.4685802E-03
-6.0000E-06,-65.2837907E-03,-34.2325006E-03
-5.7500E-06,-65.0456042E-03,-34.0978267E-03
-5.5000E-06,-59.7028436E-03,-33.6906917E-03
-5.2500E-06,-56.0827574E-03,-33.7378300E-03
-5.0000E-06,-49.8716898E-03,-33.5016397E-03
-4.7500E-06,-45.3300649E-03,-33.3465611E-03
-4.5000E-06,-42.6908447E-03,-32.7050497E-03
-4.2500E-06,-40.8275710E-03,-32.8691897E-03
-4.0000E-06,-39.8183513E-03,-32.5236492E-03
-3.7500E-06,-34.8967539E-03,-32.3766105E-03
-3.5000E-06,-31.5691908E-03,-31.9294022E-03
-3.2500E-06,-26.4082226E-03,-31.8508891E-03
-3.0000E-06,-24.5090598E-03,-31.6113877E-03
-2.7500E-06,-21.6102725E-03,-31.3056815E-03
-2.5000E-06,-21.3380228E-03,-31.0816502E-03
-2.2500E-06,-18.0708168E-03,-30.7381062E-03
-2.0000E-06,-16.4723564E-03,-30.4050489E-03
-1.7500E-06,-12.0270548E-03,-30.3218867E-03
-1.5000E-06,-7.5381721E-03,-29.8971181E-03
-1.2500E-06,-7.6850258E-03,-29.6636447E-03
-1.0000E-06,-6.2425270E-03,-29.3990975E-03
-750.0E-09,-5.8343575E-03,-29.3468344E-03
-500.0E-09,-8.7737158E-03,-29.1765945E-03
-250.0E-09,-2.1280835E-03,-28.9239438E-03
+0.0E+00,-46.8967E-06,-28.7390186E-03
+250.0E-09,+3.6763076E-03,-28.4729175E-03
+500.0E-09,+497.3470E-06,-28.2873747E-03
+750.0E-09,-1.0658659E-03,-28.3561781E-03
+1.0000E-06,-721.0638E-06,-28.1366210E-03
+1.2500E-06,-935.9666E-06,-27.9843158E-03
+1.5000E-06,+3.5294539E-03,-27.9309747E-03
+1.7500E-06,+7.1150138E-03,-27.6512661E-03
+2.0000E-06,+6.2707865E-03,-27.4791661E-03
+2.2500E-06,+6.0621357E-03,-27.2756964E-03
+2.5000E-06,+3.5928984E-03,-27.3530132E-03
+2.7500E-06,+5.6320454E-03,-27.3217514E-03
+3.0000E-06,+8.7247940E-03,-27.0596819E-03
+3.2500E-06,+12.0628279E-03,-26.8189663E-03
+3.5000E-06,+12.2606991E-03,-26.7028290E-03
+3.7500E-06,+12.0414232E-03,-26.5072268E-03
+4.0000E-06,+10.0697320E-03,-26.1489950E-03
+4.2500E-06,+9.4422094E-03,-26.1624377E-03
+4.5000E-06,+13.2211131E-03,-25.9567836E-03
+4.7500E-06,+15.5263880E-03,-25.8668373E-03
+5.0000E-06,+16.0458549E-03,-25.7440314E-03
+5.2500E-06,+15.6048307E-03,-25.4941541E-03
+5.5000E-06,+18.8303586E-03,-25.2220481E-03
+5.7500E-06,+18.0559051E-03,-25.1739219E-03
+6.0000E-06,+19.9823918E-03,-24.8200381E-03
+6.2500E-06,+24.5854038E-03,-24.6683349E-03
+6.5000E-06,+26.2896814E-03,-24.3175255E-03
+6.7500E-06,+26.4113725E-03,-23.7746025E-03
+7.0000E-06,+28.2912919E-03,-23.6589696E-03
+7.2500E-06,+26.6832362E-03,-23.3343971E-03
+7.5000E-06,+29.4063288E-03,-22.8291343E-03
+7.7500E-06,+32.6986203E-03,-22.4945101E-03
+8.0000E-06,+35.0842168E-03,-22.0733536E-03
+8.2500E-06,+36.8763539E-03,-21.5902063E-03
+8.5000E-06,+38.0051807E-03,-21.1165678E-03
+8.7500E-06,+36.9631593E-03,-20.6005304E-03
+9.0000E-06,+36.6415636E-03,-20.1350218E-03
+9.2500E-06,+39.7507505E-03,-19.6007561E-03
+9.5000E-06,+43.0335481E-03,-18.9871928E-03
+9.7500E-06,+44.9238610E-03,-18.4733472E-03
+10.0000E-06,+46.6991209E-03,-17.6736673E-03
+10.2500E-06,+46.6991209E-03,-17.1361007E-03
+10.5000E-06,+45.9795178E-03,-16.2843997E-03
+10.7500E-06,+47.6406243E-03,-15.5547505E-03
+11.0000E-06,+49.1441749E-03,-14.9289793E-03
+11.2500E-06,+52.5185875E-03,-14.2656612E-03
+11.5000E-06,+53.5566217E-03,-13.3247056E-03
+11.7500E-06,+52.7565424E-03,-12.8086244E-03
+12.0000E-06,+50.5551817E-03,-12.0398152E-03
+12.2500E-06,+50.0487592E-03,-11.4030196E-03
+12.5000E-06,+54.7360800E-03,-10.6472389E-03
+12.7500E-06,+55.7443470E-03,-10.2200698E-03
+13.0000E-06,+55.3695460E-03,-9.3336980E-03
+13.2500E-06,+56.2468595E-03,-8.5571062E-03
+13.5000E-06,+56.6494451E-03,-7.8569563E-03
+13.7500E-06,+56.8368456E-03,-6.9082105E-03
+14.0000E-06,+57.6843147E-03,-6.1218988E-03
+14.2500E-06,+59.9817696E-03,-5.4629800E-03
+14.5000E-06,+61.8217331E-03,-4.7835308E-03
+14.7500E-06,+60.4006414E-03,-4.0395332E-03
+15.0000E-06,+63.0777576E-03,-3.2103618E-03
+15.2500E-06,+60.3908388E-03,-2.3460386E-03
+15.5000E-06,+59.4358543E-03,-1.4860635E-03
+15.7500E-06,+64.2132223E-03,-745.9947E-06
+16.0000E-06,+62.7795228E-03,+22.4622E-06
+16.2500E-06,+65.3991643E-03,+768.5590E-06
+16.5000E-06,+67.0240200E-03,+1.6911373E-03
+16.7500E-06,+68.4511587E-03,+2.3949868E-03
+17.0000E-06,+64.2870604E-03,+3.3149331E-03
+17.2500E-06,+66.7324231E-03,+4.3776215E-03
+17.5000E-06,+70.7225247E-03,+4.7876714E-03
+17.7500E-06,+69.9620154E-03,+5.6231386E-03
+18.0000E-06,+73.3322865E-03,+6.3805993E-03
+18.2500E-06,+71.8044247E-03,+7.4586960E-03
+18.5000E-06,+70.9034416E-03,+8.5719111E-03
+18.7500E-06,+71.3288742E-03,+9.4023947E-03
+19.0000E-06,+72.9839337E-03,+10.0968767E-03
+19.2500E-06,+76.6623195E-03,+10.8426056E-03
+19.5000E-06,+74.6554604E-03,+11.5725739E-03
+19.7500E-06,+77.2183461E-03,+12.4580091E-03
+20.0000E-06,+77.0575483E-03,+13.5910215E-03
+20.2500E-06,+76.3707998E-03,+14.4998819E-03
+20.5000E-06,+79.4662234E-03,+15.3353978E-03
+20.7500E-06,+79.1346442E-03,+16.0660554E-03
+21.0000E-06,+82.0089901E-03,+16.8801273E-03
+21.2500E-06,+82.8800251E-03,+17.8338978E-03
+21.5000E-06,+81.6270880E-03,+18.8730943E-03
+21.7500E-06,+86.2669418E-03,+19.7943656E-03
+22.0000E-06,+83.6404307E-03,+20.7896812E-03
+22.2500E-06,+87.1681565E-03,+21.3759450E-03
+22.5000E-06,+89.6103280E-03,+22.2060966E-03
+22.7500E-06,+89.6371622E-03,+23.1591982E-03
+23.0000E-06,+90.2736384E-03,+24.1035987E-03
+23.2500E-06,+92.2367354E-03,+25.0426324E-03
+23.5000E-06,+91.8583597E-03,+26.0811394E-03
+23.7500E-06,+92.5248854E-03,+26.7994041E-03
+24.0000E-06,+96.0627732E-03,+27.5860117E-03
+24.2500E-06,+97.7108088E-03,+28.3404598E-03
+24.5000E-06,+99.7913275E-03,+29.4010669E-03
+24.7500E-06,+99.2120703E-03,+30.1213693E-03
+25.0000E-06,+100.4713607E-03,+31.1123265E-03
+25.2500E-06,+106.6926169E-03,+31.8131271E-03
+25.5000E-06,+108.0662681E-03,+32.3283491E-03
+25.7500E-06,+112.0526648E-03,+33.2757958E-03
+26.0000E-06,+116.4649066E-03,+33.9287225E-03
+26.2500E-06,+117.2587072E-03,+34.8784537E-03
+26.5000E-06,+121.0004338E-03,+35.7900309E-03
+26.7500E-06,+125.8685702E-03,+36.4921823E-03
+27.0000E-06,+130.9373300E-03,+37.1076419E-03
+27.2500E-06,+135.7781425E-03,+37.6774708E-03
+27.5000E-06,+141.3759138E-03,+38.0459964E-03
+27.7500E-06,+148.0762444E-03,+38.7093145E-03
+28.0000E-06,+153.2754173E-03,+39.7069377E-03
+28.2500E-06,+159.0781104E-03,+40.1082608E-03
+28.5000E-06,+165.6618443E-03,+40.8315346E-03
+28.7500E-06,+173.0445478E-03,+41.1598607E-03
+29.0000E-06,+182.9977544E-03,+41.6677143E-03
+29.2500E-06,+191.2085293E-03,+41.8493671E-03
+29.5000E-06,+201.0979826E-03,+42.7367756E-03
+29.7500E-06,+209.4632526E-03,+43.1063431E-03
+30.0000E-06,+217.1652121E-03,+43.5199408E-03
+30.2500E-06,+227.5440057E-03,+43.9827300E-03
+30.5000E-06,+238.1037162E-03,+43.7431901E-03
+30.7500E-06,+251.2023340E-03,+44.2599813E-03
+31.0000E-06,+259.1795028E-03,+44.5183076E-03
+31.2500E-06,+269.8285899E-03,+44.8292444E-03
+31.5000E-06,+277.8548973E-03,+45.1220173E-03
+31.7500E-06,+290.1641406E-03,+45.4500038E-03
+32.0000E-06,+298.0365969E-03,+45.3253018E-03
+32.2500E-06,+306.3319653E-03,+45.3943394E-03
+32.5000E-06,+314.0532455E-03,+45.4918678E-03
+32.7500E-06,+324.0624602E-03,+45.7445212E-03
+33.0000E-06,+326.1616555E-03,+46.2902948E-03
+33.2500E-06,+334.6851255E-03,+46.0205120E-03
+33.5000E-06,+340.8035747E-03,+46.1264353E-03
+33.7500E-06,+346.3076204E-03,+45.8834787E-03
+34.0000E-06,+352.5990869E-03,+46.0596617E-03
+34.2500E-06,+354.4553632E-03,+46.2592619E-03
+34.5000E-06,+359.2619316E-03,+46.3713163E-03
+34.7500E-06,+363.8528784E-03,+46.3894080E-03
+35.0000E-06,+366.7096765E-03,+46.2244833E-03
+35.2500E-06,+369.4835551E-03,+46.0448837E-03
+35.5000E-06,+371.0337743E-03,+45.9337300E-03
+35.7500E-06,+369.0649920E-03,+46.2097053E-03
+36.0000E-06,+371.8081771E-03,+46.3274558E-03
+36.2500E-06,+370.1055975E-03,+46.2757920E-03
+36.5000E-06,+370.4945742E-03,+45.9692033E-03
+36.7500E-06,+371.5539624E-03,+45.9079535E-03
+37.0000E-06,+368.2976903E-03,+45.6641454E-03
+37.2500E-06,+368.5578218E-03,+45.7579098E-03
+37.5000E-06,+368.3036071E-03,+45.8831237E-03
+37.7500E-06,+366.1434107E-03,+45.7906611E-03
+38.0000E-06,+362.7487488E-03,+45.8175028E-03
+38.2500E-06,+362.0121406E-03,+45.5079553E-03
+38.5000E-06,+359.9489116E-03,+45.3122682E-03
+38.7500E-06,+355.7443437E-03,+45.2406193E-03
+39.0000E-06,+356.1285084E-03,+45.3904340E-03
+39.2500E-06,+350.7192182E-03,+45.6152037E-03
+39.5000E-06,+346.7451182E-03,+45.3215148E-03
+39.7500E-06,+343.5491260E-03,+45.1229641E-03
+40.0000E-06,+343.0702830E-03,+44.7966190E-03
+40.2500E-06,+337.6538917E-03,+45.0794586E-03
+40.5000E-06,+335.1413289E-03,+44.8282024E-03
+40.7500E-06,+330.7285468E-03,+44.9679730E-03
+41.0000E-06,+329.1111782E-03,+44.9672552E-03
+41.2500E-06,+325.3781978E-03,+44.7079590E-03
+41.5000E-06,+321.1240789E-03,+44.5042243E-03
+41.7500E-06,+319.1305199E-03,+44.4331516E-03
+42.0000E-06,+313.5332889E-03,+44.2068899E-03
+42.2500E-06,+310.5347049E-03,+44.4228941E-03
+42.5000E-06,+306.0924908E-03,+44.4068143E-03
+42.7500E-06,+304.1628394E-03,+44.3079609E-03
+43.0000E-06,+298.2645418E-03,+43.9249661E-03
+43.2500E-06,+295.4613084E-03,+43.7391173E-03
+43.5000E-06,+292.2597082E-03,+43.5719210E-03
+43.7500E-06,+288.3967778E-03,+43.7234003E-03
+44.0000E-06,+282.1471968E-03,+43.8776171E-03
+44.2500E-06,+279.3004305E-03,+43.6252725E-03
+44.5000E-06,+274.7850730E-03,+43.3681785E-03
+44.7500E-06,+270.7174790E-03,+43.1145475E-03
+45.0000E-06,+267.1979879E-03,+43.1264311E-03
+45.2500E-06,+262.6370400E-03,+42.6432686E-03
+45.5000E-06,+257.8110472E-03,+42.9413155E-03
+45.7500E-06,+252.5008591E-03,+42.9049495E-03
+46.0000E-06,+249.4291316E-03,+42.7761234E-03
+46.2500E-06,+245.0235037E-03,+42.5743851E-03
+46.5000E-06,+241.5497285E-03,+42.2275635E-03
+46.7500E-06,+235.8193057E-03,+42.1517261E-03
+47.0000E-06,+234.0997717E-03,+42.2763483E-03
+47.2500E-06,+225.8274555E-03,+42.2736031E-03
+47.5000E-06,+224.8042675E-03,+42.2061890E-03
+47.7500E-06,+219.5634407E-03,+41.9466972E-03
+48.0000E-06,+216.6927491E-03,+41.6259943E-03
+48.2500E-06,+211.8337978E-03,+41.5618707E-03
+48.5000E-06,+206.6294270E-03,+41.7530273E-03
+48.7500E-06,+202.0538667E-03,+41.5406634E-03
+49.0000E-06,+198.3098246E-03,+41.4820018E-03
+49.2500E-06,+194.2056203E-03,+41.1121513E-03
+49.5000E-06,+193.6152989E-03,+40.7587511E-03
+49.7500E-06,+187.1503254E-03,+40.7578507E-03
+50.0000E-06,+181.8564742E-03,+40.5583276E-03
+50.2500E-06,+176.1516241E-03,+40.6343399E-03
+50.5000E-06,+171.2285337E-03,+40.6039735E-03
+50.7500E-06,+168.2796309E-03,+40.4270882E-03
+51.0000E-06,+165.6613281E-03,+40.0676600E-03
+51.2500E-06,+159.9542903E-03,+39.6229163E-03
+51.5000E-06,+154.2129843E-03,+39.7575903E-03
+51.7500E-06,+151.4480327E-03,+39.7138893E-03
+52.0000E-06,+146.4705551E-03,+39.7025743E-03
+52.2500E-06,+142.6790194E-03,+39.6957976E-03
+52.5000E-06,+138.2681163E-03,+39.2893932E-03
+52.7500E-06,+136.6540136E-03,+38.8104859E-03
+53.0000E-06,+133.2191668E-03,+38.4682644E-03
+53.2500E-06,+127.2469539E-03,+38.8373662E-03
+53.5000E-06,+124.2846714E-03,+38.7980517E-03
+53.7500E-06,+119.5634417E-03,+38.7261994E-03
+54.0000E-06,+115.8737868E-03,+38.2611257E-03
+54.2500E-06,+112.5282659E-03,+38.0581088E-03
+54.5000E-06,+110.8826207E-03,+37.4797050E-03
+54.7500E-06,+103.1112226E-03,+37.4964201E-03
+55.0000E-06,+98.1488734E-03,+37.5205398E-03
+55.2500E-06,+94.4955973E-03,+37.4886299E-03
+55.5000E-06,+91.6551626E-03,+37.3369988E-03
+55.7500E-06,+89.9152009E-03,+37.1415148E-03
+56.0000E-06,+88.4076632E-03,+36.8045803E-03
+56.2500E-06,+83.3976661E-03,+36.2881364E-03
+56.5000E-06,+78.0847499E-03,+36.2931506E-03
+56.7500E-06,+74.9968399E-03,+36.2666408E-03
+57.0000E-06,+69.2291362E-03,+36.1877547E-03
+57.2500E-06,+65.3436699E-03,+35.8044408E-03
+57.5000E-06,+63.1777352E-03,+35.3913963E-03
+57.7500E-06,+63.1864307E-03,+35.0292075E-03
+58.0000E-06,+58.4829009E-03,+34.8338523E-03
+58.2500E-06,+53.0030650E-03,+34.8418921E-03
+58.5000E-06,+49.3610580E-03,+34.8567242E-03
+58.7500E-06,+45.1915832E-03,+34.6029027E-03
+59.0000E-06,+43.1718606E-03,+34.0878428E-03
+59.2500E-06,+42.5029398E-03,+33.6548155E-03
+59.5000E-06,+39.2705688E-03,+33.3709161E-03
+59.7500E-06,+34.9537507E-03,+33.3790536E-03
+60.0000E-06,+32.6287693E-03,+33.1896287E-03
+60.2500E-06,+28.1061563E-03,+33.0469148E-03
+60.5000E-06,+28.7464652E-03,+32.4374858E-03
+60.7500E-06,+26.4703402E-03,+31.9446391E-03
+61.0000E-06,+24.6373476E-03,+31.7645018E-03
+61.2500E-06,+20.1626140E-03,+31.6817051E-03
+61.5000E-06,+14.4185800E-03,+31.7600099E-03
+61.7500E-06,+12.7733231E-03,+31.5631109E-03
+62.0000E-06,+12.0172133E-03,+31.2447517E-03
+62.2500E-06,+11.7760166E-03,+30.7241475E-03
+62.5000E-06,+13.5217142E-03,+30.4060920E-03
+62.7500E-06,+11.0539941E-03,+30.2673196E-03
+63.0000E-06,+7.7536246E-03,+30.2867259E-03
+63.2500E-06,+7.5309791E-03,+30.3293232E-03
+63.5000E-06,+5.1753548E-03,+30.1681317E-03
+63.7500E-06,+4.9905787E-03,+29.9623310E-03
+64.0000E-06,+8.4362316E-03,+29.5398315E-03
+64.2500E-06,+6.6056847E-03,+29.1052014E-03
+64.5000E-06,+3.8462110E-03,+29.2821535E-03
+64.7500E-06,+2.9805284E-03,+29.3222862E-03
+65.0000E-06,+858.3051E-06,+29.3005643E-03
+65.2500E-06,+1.4775182E-03,+29.2258666E-03
+65.5000E-06,-404.7674E-06,+28.7345713E-03
+65.7500E-06,-34.5469E-06,+28.3494206E-03
+66.0000E-06,+970.4782E-06,+28.2955392E-03
+66.2500E-06,-3.6604486E-03,+28.3674532E-03
+66.5000E-06,-4.7296901E-03,+28.3510389E-03
+66.7500E-06,-6.1333643E-03,+28.3450623E-03
+67.0000E-06,-4.1830801E-03,+27.9630454E-03
+67.2500E-06,-3.1143524E-03,+27.2888959E-03
+67.5000E-06,-3.9580659E-03,+27.0991672E-03
+67.7500E-06,-6.9495995E-03,+27.3287530E-03
+68.0000E-06,-9.3126602E-03,+27.4939683E-03
+68.2500E-06,-11.2462480E-03,+27.3432582E-03
+68.5000E-06,-10.2499690E-03,+26.9303218E-03
+68.7500E-06,-9.0955189E-03,+26.4370301E-03
+69.0000E-06,-9.5822855E-03,+26.2352377E-03
+69.2500E-06,-12.1587053E-03,+26.3546192E-03
+69.5000E-06,-14.6354031E-03,+26.1877857E-03
+69.7500E-06,-19.0492658E-03,+26.1110451E-03
+70.0000E-06,-19.5280822E-03,+25.6635590E-03
+70.2500E-06,-16.6415168E-03,+25.3283096E-03
+70.5000E-06,-16.2839790E-03,+24.6497349E-03
+70.7500E-06,-20.0461357E-03,+24.3438099E-03
+71.0000E-06,-23.0569924E-03,+24.3405811E-03
+71.2500E-06,-25.4577150E-03,+23.9739312E-03
+71.5000E-06,-26.1609812E-03,+23.7737700E-03
+71.7500E-06,-25.8835601E-03,+22.9600712E-03
+72.0000E-06,-28.4604164E-03,+22.5057775E-03
+72.2500E-06,-27.2868483E-03,+21.8597766E-03
+72.5000E-06,-32.0182424E-03,+21.6012754E-03
+72.7500E-06,-33.5982288E-03,+21.2760623E-03
+73.0000E-06,-36.9310912E-03,+20.7433816E-03
+73.2500E-06,-37.5301080E-03,+20.1857990E-03
+73.5000E-06,-36.2798725E-03,+19.4075091E-03
+73.7500E-06,-37.0274676E-03,+18.5447965E-03
+74.0000E-06,-36.6897666E-03,+17.9791612E-03
+74.2500E-06,-40.1992765E-03,+17.3407655E-03
+74.5000E-06,-42.5833028E-03,+17.0054878E-03
+74.7500E-06,-45.0918519E-03,+16.5950416E-03
+75.0000E-06,-45.2325814E-03,+15.8320237E-03
+75.2500E-06,-41.5903187E-03,+15.0247876E-03
+75.5000E-06,-40.6737440E-03,+14.1025747E-03
+75.7500E-06,-44.0466153E-03,+13.8915179E-03
+76.0000E-06,-45.8154687E-03,+13.3737256E-03
+76.2500E-06,-48.9671827E-03,+12.7156354E-03
+76.5000E-06,-47.7973726E-03,+11.8585521E-03
+76.7500E-06,-47.7169737E-03,+11.1992474E-03
+77.0000E-06,-45.2606771E-03,+10.4149218E-03
+77.2500E-06,-46.2657022E-03,+9.6888977E-03
+77.5000E-06,-49.0757280E-03,+9.2298083E-03
+77.7500E-06,-51.2869178E-03,+8.6476892E-03
+78.0000E-06,-51.2465761E-03,+7.9216548E-03
+78.2500E-06,-50.8606096E-03,+7.2619514E-03
+78.5000E-06,-49.7469620E-03,+6.4675740E-03
+78.7500E-06,-48.7985649E-03,+5.7612522E-03
+79.0000E-06,-50.2858027E-03,+5.0412896E-03
+79.2500E-06,-55.0213889E-03,+4.7268640E-03
+79.5000E-06,-58.0685206E-03,+3.8850577E-03
+79.7500E-06,-57.3209785E-03,+3.2249711E-03
+80.0000E-06,-54.4227073E-03,+2.4760365E-03
+80.2500E-06,-53.2729125E-03,+1.5172130E-03
+80.5000E-06,-52.5411405E-03,+858.3536E-06
+80.7500E-06,-57.3131320E-03,+356.6257E-06
+81.0000E-06,-59.4110923E-03,-147.1141E-06
+81.2500E-06,-60.3237812E-03,-701.8899E-06
+81.5000E-06,-56.8947740E-03,-1.8444190E-03
+81.7500E-06,-56.9427813E-03,-2.5430611E-03
+82.0000E-06,-55.5763349E-03,-3.3153307E-03
+82.2500E-06,-58.0084988E-03,-4.1137731E-03
+82.5000E-06,-62.6599305E-03,-4.5205839E-03
+82.7500E-06,-63.3995489E-03,-5.2722996E-03
+83.0000E-06,-62.9048056E-03,-5.7691933E-03
+83.2500E-06,-61.9363402E-03,-6.9262071E-03
+83.5000E-06,-62.0605784E-03,-7.3394550E-03
+83.7500E-06,-61.8435915E-03,-8.2484105E-03
+84.0000E-06,-66.1167488E-03,-8.7766945E-03
+84.2500E-06,-67.9180711E-03,-9.6944101E-03
+84.5000E-06,-67.9819522E-03,-10.2685692E-03
+84.7500E-06,-67.6041675E-03,-11.0315639E-03
+85.0000E-06,-65.1849974E-03,-11.7655893E-03
+85.2500E-06,-65.5344042E-03,-12.5656500E-03
+85.5000E-06,-67.2263828E-03,-13.2835312E-03
+85.7500E-06,-72.3963552E-03,-13.9915460E-03
+86.0000E-06,-72.3804042E-03,-14.7522409E-03
+86.2500E-06,-71.1022804E-03,-15.3845133E-03
+86.5000E-06,-70.3863050E-03,-16.2894527E-03
+86.7500E-06,-69.6619935E-03,-16.8277318E-03
+87.0000E-06,-71.3913301E-03,-17.5493411E-03
+87.2500E-06,-73.4859473E-03,-18.2042747E-03
+87.5000E-06,-77.4214808E-03,-19.0407269E-03
+87.7500E-06,-78.5789676E-03,-19.7918022E-03
+88.0000E-06,-76.4817020E-03,-20.4514412E-03
+88.2500E-06,-75.1744018E-03,-21.2133297E-03
+88.5000E-06,-76.3637135E-03,-21.9530307E-03
+88.7500E-06,-78.9290184E-03,-22.6697027E-03
+89.0000E-06,-81.9926679E-03,-23.3246440E-03
+89.2500E-06,-83.4516315E-03,-23.9879621E-03
+89.5000E-06,-84.8661889E-03,-24.6233861E-03
+89.7500E-06,-82.8695956E-03,-25.5304250E-03
+90.0000E-06,-83.3805214E-03,-26.4783295E-03
+90.2500E-06,-85.7145842E-03,-27.2573886E-03
+90.5000E-06,-93.3686643E-03,-27.6060602E-03
+90.7500E-06,-95.4399472E-03,-28.3088317E-03
+91.0000E-06,-95.5063779E-03,-28.9173627E-03
+91.2500E-06,-96.0144454E-03,-29.8472708E-03
+91.5000E-06,-94.8538204E-03,-30.2645193E-03
+91.7500E-06,-97.3770590E-03,-30.9941685E-03
+92.0000E-06,-101.5420835E-03,-31.3978689E-03
+92.2500E-06,-105.5780578E-03,-32.2995383E-03
+92.5000E-06,-107.4759615E-03,-32.8794936E-03
+92.7500E-06,-107.0972240E-03,-33.3478346E-03
+93.0000E-06,-111.5923347E-03,-34.0604549E-03
+93.2500E-06,-113.2870654E-03,-34.7030312E-03
+93.5000E-06,-118.2096421E-03,-35.6071292E-03
+93.7500E-06,-122.6730823E-03,-36.1261461E-03
+94.0000E-06,-130.8857097E-03,-36.6138525E-03
+94.2500E-06,-135.0538723E-03,-37.0467485E-03
+94.5000E-06,-137.4574266E-03,-37.6455521E-03
+94.7500E-06,-142.1134123E-03,-38.1101832E-03
+95.0000E-06,-146.6012940E-03,-38.6705624E-03
+95.2500E-06,-154.9546002E-03,-39.0533256E-03
+95.5000E-06,-165.9739608E-03,-39.5995107E-03
+95.7500E-06,-171.3481072E-03,-40.2794593E-03
+96.0000E-06,-176.7021346E-03,-40.6127019E-03
+96.2500E-06,-182.6518864E-03,-40.9938855E-03
+96.5000E-06,-191.6167135E-03,-41.2519003E-03
+96.7500E-06,-200.3459278E-03,-41.8005142E-03
+97.0000E-06,-213.8894026E-03,-41.9772657E-03
+97.2500E-06,-223.2246311E-03,-42.3926207E-03
+97.5000E-06,-228.5901327E-03,-42.5696399E-03
+97.7500E-06,-235.0035748E-03,-43.0560727E-03
+98.0000E-06,-242.2455996E-03,-43.2912492E-03
+98.2500E-06,-252.8126693E-03,-43.4374130E-03
+98.5000E-06,-264.2297793E-03,-43.7537039E-03
+98.7500E-06,-274.7165248E-03,-43.7337494E-03
+99.0000E-06,-283.9268711E-03,-43.9304476E-03
+99.2500E-06,-287.9857165E-03,-44.2615370E-03
+99.5000E-06,-294.8228426E-03,-44.2507620E-03
+99.7500E-06,-302.6318278E-03,-44.4010836E-03
+100.0000E-06,-310.1020845E-03,-44.3690733E-03
+100.2500E-06,-319.0699750E-03,-44.6540688E-03
+100.5000E-06,-328.2745058E-03,-44.8546416E-03
+100.7500E-06,-330.1852972E-03,-44.8437253E-03
+101.0000E-06,-333.4920224E-03,-44.7697866E-03
+101.2500E-06,-337.0758601E-03,-44.8117228E-03
+101.5000E-06,-343.8997849E-03,-44.6790607E-03
+101.7500E-06,-350.0060121E-03,-44.8312294E-03
+102.0000E-06,-354.7654994E-03,-44.9478117E-03
+102.2500E-06,-356.8972142E-03,-45.1215454E-03
+102.5000E-06,-356.0405624E-03,-44.7627837E-03
+102.7500E-06,-357.5708940E-03,-45.0338063E-03
+103.0000E-06,-361.8435883E-03,-45.0490139E-03
+103.2500E-06,-363.8536385E-03,-44.9277081E-03
+103.5000E-06,-367.7575016E-03,-44.9321641E-03
+103.7500E-06,-371.6972031E-03,-45.1543174E-03
+104.0000E-06,-368.4793673E-03,-45.0139625E-03
+104.2500E-06,-367.0810696E-03,-44.7977499E-03
+104.5000E-06,-367.1274318E-03,-44.8638212E-03
+104.7500E-06,-367.4498235E-03,-44.9205404E-03
+105.0000E-06,-371.8938394E-03,-44.6885078E-03
+105.2500E-06,-372.2198347E-03,-44.6543363E-03
+105.5000E-06,-372.6872276E-03,-44.5676496E-03
+105.7500E-06,-364.8517434E-03,-44.5846093E-03
+106.0000E-06,-363.3511259E-03,-44.5270102E-03
+106.2500E-06,-363.3335275E-03,-44.4189078E-03
+106.5000E-06,-365.7582068E-03,-44.5109304E-03
+106.7500E-06,-364.3561511E-03,-44.4336677E-03
+107.0000E-06,-363.6457596E-03,-44.1696634E-03
+107.2500E-06,-360.9170059E-03,-44.3545886E-03
+107.5000E-06,-353.9083049E-03,-44.2380063E-03
+107.7500E-06,-352.4429615E-03,-44.0589135E-03
+108.0000E-06,-353.7475071E-03,-44.0997562E-03
+108.2500E-06,-351.3844995E-03,-44.0892645E-03
+108.5000E-06,-350.0691213E-03,-43.9657665E-03
+108.7500E-06,-345.0552384E-03,-43.7853051E-03
+109.0000E-06,-341.1155368E-03,-43.7270139E-03
+109.2500E-06,-338.2254981E-03,-43.4766453E-03
+109.5000E-06,-337.1847117E-03,-43.6428022E-03
+109.7500E-06,-333.1625007E-03,-43.4632540E-03
+110.0000E-06,-333.7028851E-03,-43.5811894E-03
+110.2500E-06,-329.1802720E-03,-43.3350557E-03
+110.5000E-06,-325.7297299E-03,-43.2555444E-03
+110.7500E-06,-319.1947776E-03,-43.2233949E-03
+111.0000E-06,-314.1205376E-03,-43.2622489E-03
+111.2500E-06,-316.9278883E-03,-43.0922870E-03
+111.5000E-06,-312.5705500E-03,-43.1713481E-03
+111.7500E-06,-308.0635792E-03,-42.9361741E-03
+112.0000E-06,-304.7291200E-03,-42.8093188E-03
+112.2500E-06,-298.0312352E-03,-42.6252836E-03
+112.5000E-06,-294.0223002E-03,-42.4079776E-03
+112.7500E-06,-292.0702649E-03,-42.6136806E-03
+113.0000E-06,-291.9943428E-03,-42.3041202E-03
+113.2500E-06,-285.8769743E-03,-42.2925249E-03
+113.5000E-06,-284.5883797E-03,-42.1698938E-03
+113.7500E-06,-279.3265341E-03,-41.9452168E-03
+114.0000E-06,-272.3963531E-03,-41.9532567E-03
+114.2500E-06,-273.7922845E-03,-42.0394779E-03
+114.5000E-06,-269.0572627E-03,-41.7180802E-03
+114.7500E-06,-265.2312249E-03,-41.6897310E-03
+115.0000E-06,-259.4225137E-03,-41.6314037E-03
+115.2500E-06,-257.4502051E-03,-41.6293918E-03
+115.5000E-06,-251.3909046E-03,-41.3113929E-03
+115.7500E-06,-246.4084364E-03,-41.3598380E-03
+116.0000E-06,-242.0913360E-03,-41.0782284E-03
+116.2500E-06,-239.3400730E-03,-41.0292840E-03
+116.5000E-06,-237.4973549E-03,-41.0286305E-03
+116.7500E-06,-232.6194424E-03,-40.9004399E-03
+117.0000E-06,-227.4134000E-03,-40.8485728E-03
+117.2500E-06,-221.7204100E-03,-40.5942629E-03
+117.5000E-06,-219.0340580E-03,-40.3454068E-03
+117.7500E-06,-215.6655863E-03,-40.3177188E-03
+118.0000E-06,-213.3786552E-03,-40.3231010E-03
+118.2500E-06,-206.9108259E-03,-40.0639952E-03
+118.5000E-06,-202.1295479E-03,-39.6951303E-03
+118.7500E-06,-200.0026669E-03,-39.8949594E-03
+119.0000E-06,-195.5877767E-03,-39.8451636E-03
+119.2500E-06,-193.4681006E-03,-39.5592804E-03
+119.5000E-06,-188.6841718E-03,-39.3397283E-03
+119.7500E-06,-179.9879425E-03,-39.4880148E-03
+120.0000E-06,-176.4986794E-03,-39.0936794E-03
+120.2500E-06,-174.0025838E-03,-38.9884249E-03
+120.5000E-06,-171.5594861E-03,-39.0355709E-03
+120.7500E-06,-166.3140522E-03,-38.9092173E-03
+121.0000E-06,-163.4900582E-03,-38.6252404E-03
+121.2500E-06,-159.2167706E-03,-38.4084361E-03
+121.5000E-06,-150.6631232E-03,-38.4002214E-03
+121.7500E-06,-149.1464004E-03,-38.1042864E-03
+122.0000E-06,-146.5149494E-03,-38.1045747E-03
+122.2500E-06,-144.1011558E-03,-37.8931162E-03
+122.5000E-06,-141.1308725E-03,-37.8720941E-03
+122.7500E-06,-134.5332982E-03,-37.6238894E-03
+123.0000E-06,-128.8109269E-03,-37.4397615E-03
+123.2500E-06,-124.1551486E-03,-37.3455830E-03
+123.5000E-06,-120.6685364E-03,-37.1362421E-03
+123.7500E-06,-119.5135702E-03,-37.0119159E-03
+124.0000E-06,-115.6124351E-03,-36.9129622E-03
+124.2500E-06,-112.3841020E-03,-36.5788319E-03
+124.5000E-06,-107.2476017E-03,-36.2601589E-03
+124.7500E-06,-101.3720234E-03,-36.2518154E-03
+125.0000E-06,-97.5219831E-03,-36.2740826E-03
+125.2500E-06,-95.5877006E-03,-36.0184913E-03
+125.5000E-06,-91.9603324E-03,-35.7782131E-03
+125.7500E-06,-88.9498882E-03,-35.6299343E-03
+126.0000E-06,-85.9100627E-03,-35.5050008E-03
+126.2500E-06,-79.7237453E-03,-35.2197247E-03
+126.5000E-06,-74.9336682E-03,-35.0086679E-03
+126.7500E-06,-72.7875703E-03,-34.5407899E-03
+127.0000E-06,-68.7427196E-03,-34.2714420E-03
+127.2500E-06,-65.2143522E-03,-34.2170229E-03
+127.5000E-06,-63.4423076E-03,-34.1758895E-03
+127.7500E-06,-60.0855175E-03,-33.8275397E-03
+128.0000E-06,-55.2660590E-03,-33.7602747E-03
+128.2500E-06,-52.3669123E-03,-33.2262097E-03
+128.5000E-06,-46.7294167E-03,-33.1772192E-03
+128.7500E-06,-43.5100371E-03,-32.8099878E-03
+129.0000E-06,-41.3424574E-03,-32.7823151E-03
+129.2500E-06,-37.4985655E-03,-32.5018451E-03
+129.5000E-06,-34.5779369E-03,-32.2377275E-03
+129.7500E-06,-32.7132738E-03,-32.1095523E-03
+130.0000E-06,-27.2660346E-03,-31.7236220E-03
+130.2500E-06,-23.8288456E-03,-31.4081752E-03
+130.5000E-06,-21.9420036E-03,-31.3056608E-03
+130.7500E-06,-20.7970740E-03,-31.0180926E-03
+131.0000E-06,-18.2870825E-03,-30.4984300E-03
+131.2500E-06,-13.6165110E-03,-30.4965467E-03
+131.5000E-06,-12.0675269E-03,-30.0915830E-03
+131.7500E-06,-7.3476576E-03,-29.8798060E-03
+132.0000E-06,-7.5426996E-03,-29.7919588E-03
+132.2500E-06,-6.2728587E-03,-29.3983387E-03
+132.5000E-06,-6.9644964E-03,-29.1416461E-03
+132.7500E-06,-3.5273074E-03,-29.0361781E-03
+133.0000E-06,-1.5976561E-03,-29.0022435E-03
+133.2500E-06,-401.0890E-06,-28.6704646E-03
+133.5000E-06,-174.0945E-06,-28.6537931E-03
+133.7500E-06,+558.9897E-06,-28.4769077E-03
+134.0000E-06,+593.3110E-06,-28.2496580E-03
+134.2500E-06,+2.6128551E-03,-27.9266267E-03
+134.5000E-06,+3.8082909E-03,-28.1259852E-03
+134.7500E-06,+3.8697021E-03,-27.6920341E-03
+135.0000E-06,+4.3780543E-03,-27.4723535E-03
+135.2500E-06,+5.7697405E-03,-27.5437631E-03
+135.5000E-06,+4.2103627E-03,-27.1977161E-03
+135.7500E-06,+4.2458153E-03,-27.2823496E-03
+136.0000E-06,+9.0260126E-03,-27.0356934E-03
+136.2500E-06,+8.9868286E-03,-26.9114444E-03
+136.5000E-06,+11.4973604E-03,-26.6819227E-03
+136.7500E-06,+10.2722345E-03,-26.6034303E-03
+137.0000E-06,+10.5124544E-03,-26.5131749E-03
+137.2500E-06,+10.6885857E-03,-26.1929995E-03
+137.5000E-06,+15.0360443E-03,-26.1256136E-03
+137.7500E-06,+18.2559642E-03,-25.9282438E-03
+138.0000E-06,+15.6648790E-03,-25.6743094E-03
+138.2500E-06,+15.3960014E-03,-25.6240582E-03
+138.5000E-06,+14.2215071E-03,-25.3170912E-03
+138.7500E-06,+16.9695814E-03,-24.9837227E-03
+139.0000E-06,+18.9115029E-03,-24.9080883E-03
+139.2500E-06,+21.8509648E-03,-24.6578791E-03
+139.5000E-06,+24.9551877E-03,-24.5185306E-03
+139.7500E-06,+24.8048606E-03,-24.1451425E-03
+140.0000E-06,+24.0860558E-03,-23.8355951E-03
+140.2500E-06,+24.2114783E-03,-23.3375849E-03
+140.5000E-06,+24.8587099E-03,-22.9607416E-03
+140.7500E-06,+29.5075680E-03,-22.9140279E-03
+141.0000E-06,+33.0155076E-03,-22.3035338E-03
+141.2500E-06,+35.6680039E-03,-21.9336833E-03
+141.5000E-06,+35.5191675E-03,-21.4633303E-03
+141.7500E-06,+37.9312123E-03,-21.0775491E-03
+142.0000E-06,+35.2716173E-03,-20.6296411E-03
+142.2500E-06,+37.6844075E-03,-19.8969407E-03
+142.5000E-06,+40.2621129E-03,-19.5532218E-03
+142.7500E-06,+42.8037748E-03,-18.7572416E-03
+143.0000E-06,+43.6736520E-03,-18.3643108E-03
+143.2500E-06,+42.6734896E-03,-17.4331035E-03
+143.5000E-06,+44.4332858E-03,-16.7627848E-03
+143.7500E-06,+44.6987961E-03,-16.1743907E-03
+144.0000E-06,+48.1311224E-03,-15.4683750E-03
+144.2500E-06,+49.3676188E-03,-14.8824122E-03
+144.5000E-06,+49.7141963E-03,-14.1105517E-03
+144.7500E-06,+51.4836407E-03,-13.3070179E-03
+145.0000E-06,+50.3220895E-03,-12.8658991E-03
+145.2500E-06,+51.5493743E-03,-11.8602105E-03
+145.5000E-06,+50.1021165E-03,-11.1794051E-03
+145.7500E-06,+53.4219127E-03,-10.6668408E-03
+146.0000E-06,+56.9655871E-03,-9.8960119E-03
+146.2500E-06,+55.1511191E-03,-9.1301280E-03
+146.5000E-06,+55.9958601E-03,-8.2874263E-03
+146.7500E-06,+55.1516328E-03,-7.3055406E-03
+147.0000E-06,+55.2065362E-03,-6.6070708E-03
+147.2500E-06,+56.5179779E-03,-5.8442304E-03
+147.5000E-06,+58.8697429E-03,-5.1889522E-03
+147.7500E-06,+60.4929776E-03,-4.6969340E-03
+148.0000E-06,+61.4832602E-03,-3.7990207E-03
+148.2500E-06,+59.5228141E-03,-2.5782977E-03
+148.5000E-06,+62.1859355E-03,-1.8719112E-03
+148.7500E-06,+60.8896729E-03,-1.4029529E-03
+149.0000E-06,+64.6390144E-03,-551.2234E-06
+149.2500E-06,+67.0559991E-03,+125.1027E-06
+149.5000E-06,+63.9555849E-03,+1.0240913E-03
+149.7500E-06,+63.9552255E-03,+1.9392316E-03
+150.0000E-06,+63.7746681E-03,+2.5210909E-03
+150.2500E-06,+66.8493817E-03,+3.6422403E-03
+150.5000E-06,+66.9904199E-03,+4.3794354E-03
+150.7500E-06,+71.8247488E-03,+5.1150843E-03
+151.0000E-06,+70.2414699E-03,+5.8683309E-03
+151.2500E-06,+71.2974595E-03,+6.9679152E-03
+151.5000E-06,+70.7194879E-03,+7.7578110E-03
+151.7500E-06,+70.2618711E-03,+8.7763613E-03
+152.0000E-06,+72.0557835E-03,+9.5613504E-03
+152.2500E-06,+73.7591350E-03,+10.2618194E-03
+152.5000E-06,+75.2517757E-03,+10.8492974E-03
+152.7500E-06,+76.0962080E-03,+11.9136094E-03
+153.0000E-06,+74.6591123E-03,+12.8040436E-03
+153.2500E-06,+76.6737696E-03,+14.1829225E-03
+153.5000E-06,+77.7392796E-03,+14.8206440E-03
+153.7500E-06,+79.8649497E-03,+15.5060571E-03
+154.0000E-06,+82.3775125E-03,+16.1070936E-03
+154.2500E-06,+82.8800251E-03,+16.9970338E-03
+154.5000E-06,+80.2567316E-03,+18.0397397E-03
+154.7500E-06,+78.9203323E-03,+18.9488057E-03
+155.0000E-06,+82.3775125E-03,+20.1095862E-03
+155.2500E-06,+84.5634625E-03,+20.9512999E-03
+155.5000E-06,+86.3976130E-03,+21.6347266E-03
+155.7500E-06,+89.4076206E-03,+22.3995608E-03
+156.0000E-06,+91.5081545E-03,+23.3975393E-03
+156.2500E-06,+90.9051747E-03,+24.4297045E-03
+156.5000E-06,+91.4981204E-03,+25.5518187E-03
+156.7500E-06,+89.2569075E-03,+26.5975476E-03
+157.0000E-06,+94.2016342E-03,+26.9744346E-03
+157.2500E-06,+98.1413357E-03,+27.6814663E-03
+157.5000E-06,+98.5886120E-03,+28.4091115E-03
+157.7500E-06,+96.5735447E-03,+29.5191647E-03
+158.0000E-06,+97.8949916E-03,+30.6523367E-03
+158.2500E-06,+101.7443131E-03,+31.4437887E-03
+158.5000E-06,+105.2770295E-03,+32.1503190E-03
+158.7500E-06,+111.1111348E-03,+32.4251829E-03
+159.0000E-06,+113.7845992E-03,+33.3081098E-03
+159.2500E-06,+116.5031113E-03,+34.1608890E-03
+159.5000E-06,+115.6487726E-03,+35.3026000E-03
+159.7500E-06,+122.0008036E-03,+36.0498211E-03
+160.0000E-06,+126.4879882E-03,+36.5392769E-03
+160.2500E-06,+130.6943845E-03,+36.9337384E-03
+160.5000E-06,+138.8046920E-03,+37.3910165E-03
+160.7500E-06,+141.2368559E-03,+38.3282262E-03
+161.0000E-06,+145.7391690E-03,+39.0920468E-03
+161.2500E-06,+152.7292705E-03,+40.1694568E-03
+161.5000E-06,+158.2569087E-03,+40.6196881E-03
+161.7500E-06,+168.0310774E-03,+40.7804937E-03
+162.0000E-06,+177.5134418E-03,+40.8759096E-03
+162.2500E-06,+184.0664821E-03,+41.3790090E-03
+162.5000E-06,+192.9812179E-03,+42.1151440E-03
+162.7500E-06,+199.9408310E-03,+42.7880303E-03
+163.0000E-06,+210.5890184E-03,+43.3171245E-03
+163.2500E-06,+219.8298507E-03,+43.6724235E-03
+163.5000E-06,+230.3577364E-03,+43.7171227E-03
+163.7500E-06,+242.5734061E-03,+43.6935459E-03
+164.0000E-06,+251.9511641E-03,+44.2277086E-03
+164.2500E-06,+261.3823542E-03,+44.7282841E-03
+164.5000E-06,+272.6543616E-03,+44.9749736E-03
+164.7500E-06,+282.0822882E-03,+45.3734770E-03
+165.0000E-06,+290.1469547E-03,+45.1387351E-03
+165.2500E-06,+302.1012313E-03,+44.9412780E-03
+165.5000E-06,+309.2826699E-03,+45.3216485E-03
+165.7500E-06,+319.2829069E-03,+45.4604287E-03
+166.0000E-06,+321.9605369E-03,+46.2549142E-03
+166.2500E-06,+331.3684988E-03,+46.3135833E-03
+166.5000E-06,+337.5038492E-03,+46.1899877E-03
+166.7500E-06,+341.8198424E-03,+45.7764801E-03
+167.0000E-06,+349.5178390E-03,+45.7633408E-03
+167.2500E-06,+353.7043984E-03,+45.7372092E-03
+167.5000E-06,+359.1923653E-03,+46.3071361E-03
+167.7500E-06,+360.7200220E-03,+46.6850265E-03
+168.0000E-06,+362.9867834E-03,+46.4884490E-03
+168.2500E-06,+367.2929233E-03,+46.3362005E-03
+168.5000E-06,+369.6435546E-03,+45.6578936E-03
+168.7500E-06,+369.3276972E-03,+45.6850594E-03
+169.0000E-06,+370.4676628E-03,+45.9060470E-03
+169.2500E-06,+370.5797346E-03,+46.5211824E-03
+169.5000E-06,+369.8146953E-03,+46.6874988E-03
+169.7500E-06,+370.5221272E-03,+46.1924446E-03
+170.0000E-06,+369.9203848E-03,+45.8623409E-03
+170.2500E-06,+369.2110208E-03,+45.6246353E-03
+170.5000E-06,+366.4624327E-03,+45.6714520E-03
+170.7500E-06,+366.8391368E-03,+46.0669813E-03
+171.0000E-06,+364.9309698E-03,+46.2423075E-03
+171.2500E-06,+363.7845447E-03,+45.9221190E-03
+171.5000E-06,+362.4020942E-03,+45.4941217E-03
+171.7500E-06,+359.5373966E-03,+45.0703767E-03
+172.0000E-06,+356.2818457E-03,+45.0187106E-03
+172.2500E-06,+353.6933342E-03,+45.3422538E-03
+172.5000E-06,+350.6931293E-03,+45.5956739E-03
+172.7500E-06,+348.2066554E-03,+45.5140733E-03
+173.0000E-06,+342.1117745E-03,+45.1443026E-03
+173.2500E-06,+343.5967980E-03,+44.7648454E-03
+173.5000E-06,+338.2010154E-03,+44.5784331E-03
+173.7500E-06,+334.7079196E-03,+44.7086460E-03
+174.0000E-06,+329.7893590E-03,+44.9287049E-03
+174.2500E-06,+327.8693294E-03,+44.9799183E-03
+174.5000E-06,+324.0816795E-03,+44.8622863E-03
+174.7500E-06,+320.4828171E-03,+44.2251873E-03
+175.0000E-06,+317.5743840E-03,+44.0744335E-03
+175.2500E-06,+312.9791654E-03,+43.9311948E-03
+175.5000E-06,+310.1712502E-03,+44.2909935E-03
+175.7500E-06,+304.4268302E-03,+44.5236332E-03
+176.0000E-06,+301.7893346E-03,+44.3014749E-03
+176.2500E-06,+297.8496330E-03,+43.7729260E-03
+176.5000E-06,+294.0367699E-03,+43.4186304E-03
+176.7500E-06,+291.6978926E-03,+43.5216697E-03
+177.0000E-06,+286.8039013E-03,+43.5042059E-03
+177.2500E-06,+281.2307765E-03,+43.8086798E-03
+177.5000E-06,+278.0347843E-03,+43.9353139E-03
+177.7500E-06,+272.7028562E-03,+43.5720240E-03
+178.0000E-06,+268.7641846E-03,+42.9141060E-03
+178.2500E-06,+265.2920834E-03,+42.8216434E-03
+178.5000E-06,+262.7382526E-03,+42.8725302E-03
+178.7500E-06,+256.2468574E-03,+43.0329139E-03
+179.0000E-06,+251.2714372E-03,+43.2102211E-03
+179.2500E-06,+247.2661299E-03,+43.0191572E-03
+179.5000E-06,+243.4872262E-03,+42.5668959E-03
+179.7500E-06,+241.7183728E-03,+42.1190725E-03
+180.0000E-06,+236.3367393E-03,+42.0929409E-03
+180.2500E-06,+231.8235936E-03,+42.1648858E-03
+180.5000E-06,+225.5935914E-03,+42.2900406E-03
+180.7500E-06,+222.4082508E-03,+42.4153138E-03
+181.0000E-06,+218.3012413E-03,+42.2139535E-03
+181.2500E-06,+214.5116859E-03,+41.4127147E-03
+181.5000E-06,+209.3109693E-03,+41.2978998E-03
+181.7500E-06,+207.5031393E-03,+40.9827308E-03
+182.0000E-06,+201.1755763E-03,+41.4049628E-03
+182.2500E-06,+196.8379445E-03,+41.5116195E-03
+182.5000E-06,+189.8360624E-03,+41.3396970E-03
+182.7500E-06,+189.8134203E-03,+40.9989290E-03
+183.0000E-06,+187.0100326E-03,+40.3385618E-03
+183.2500E-06,+181.5467386E-03,+40.2649835E-03
+183.5000E-06,+178.2153935E-03,+40.3342654E-03
+183.7500E-06,+170.8197226E-03,+40.5388878E-03
+184.0000E-06,+166.2971096E-03,+40.6194254E-03
+184.2500E-06,+163.7389829E-03,+40.1548356E-03
+184.5000E-06,+159.7644463E-03,+39.8065603E-03
+184.7500E-06,+156.2052817E-03,+39.3079300E-03
+185.0000E-06,+151.0836253E-03,+39.6327597E-03
+185.2500E-06,+145.7931968E-03,+39.5242173E-03
+185.5000E-06,+142.2583216E-03,+39.4805344E-03
+185.7500E-06,+136.7145516E-03,+39.2700179E-03
+186.0000E-06,+136.6635847E-03,+38.8068813E-03
+186.2500E-06,+132.4116005E-03,+38.5372839E-03
+186.5000E-06,+129.4622080E-03,+38.5794953E-03
+186.7500E-06,+123.0810296E-03,+38.5751806E-03
+187.0000E-06,+117.9014331E-03,+38.6975492E-03
+187.2500E-06,+114.6118190E-03,+38.5798863E-03
+187.5000E-06,+110.0211062E-03,+38.1420838E-03
+187.7500E-06,+109.2882029E-03,+37.6902782E-03
+188.0000E-06,+103.6384347E-03,+37.3288586E-03
+188.2500E-06,+98.7246331E-03,+37.4176884E-03
+188.5000E-06,+93.4327888E-03,+37.4243336E-03
+188.7500E-06,+89.5974379E-03,+37.3011061E-03
+189.0000E-06,+86.8235594E-03,+36.9489640E-03
+189.2500E-06,+85.8402235E-03,+36.5751590E-03
+189.5000E-06,+80.4060529E-03,+36.4555797E-03
+189.7500E-06,+78.5730868E-03,+36.1634189E-03
+190.0000E-06,+74.6062157E-03,+36.1436986E-03
+190.2500E-06,+68.4348483E-03,+35.9964206E-03
+190.5000E-06,+64.2414194E-03,+36.0114121E-03
+190.7500E-06,+63.8193057E-03,+35.4988477E-03
+191.0000E-06,+60.7694725E-03,+34.9517363E-03
+191.2500E-06,+57.8385517E-03,+34.7583957E-03
+191.5000E-06,+53.4089455E-03,+34.6321371E-03
+191.7500E-06,+49.9063027E-03,+34.7048717E-03
+192.0000E-06,+46.0650882E-03,+34.4261924E-03
+192.2500E-06,+44.6305154E-03,+34.2754387E-03
+192.5000E-06,+41.1988066E-03,+33.6724236E-03
+192.7500E-06,+39.4647110E-03,+33.5368337E-03
+193.0000E-06,+34.8946551E-03,+33.2959971E-03
+193.2500E-06,+32.2962132E-03,+32.9859017E-03
+193.5000E-06,+28.3637937E-03,+33.1110719E-03
+193.7500E-06,+24.5995288E-03,+32.7635168E-03
+194.0000E-06,+25.3688374E-03,+32.1948534E-03
+194.2500E-06,+23.1175904E-03,+31.7281564E-03
+194.5000E-06,+21.8092096E-03,+31.7535520E-03
+194.7500E-06,+19.1339700E-03,+31.4500326E-03
+195.0000E-06,+14.2752792E-03,+31.3871696E-03
+195.2500E-06,+12.9795811E-03,+31.1044897E-03
+195.5000E-06,+11.4043271E-03,+30.5897255E-03
+195.7500E-06,+12.7986642E-03,+30.4157836E-03
+196.0000E-06,+10.3755818E-03,+30.3989602E-03
+196.2500E-06,+9.6026720E-03,+30.0426296E-03
+196.5000E-06,+6.2478381E-03,+29.8535238E-03
+196.7500E-06,+6.4981163E-03,+30.0040819E-03
+197.0000E-06,+6.4981163E-03,+29.6523231E-03
+197.2500E-06,+4.4880661E-03,+29.4858420E-03
+197.5000E-06,+5.7724927E-03,+29.3061934E-03
+197.7500E-06,+4.3106732E-03,+29.2276496E-03
+198.0000E-06,+1.7654632E-03,+29.2420699E-03
+198.2500E-06,+772.9663E-06,+28.9117218E-03
+198.5000E-06,-981.3255E-06,+28.9000105E-03
+198.7500E-06,+1.1603993E-03,+28.6757862E-03
+199.0000E-06,+1.8001438E-03,+28.5795108E-03
+199.2500E-06,-1.3043347E-03,+28.3969422E-03
+199.5000E-06,-3.3823327E-03,+28.4466377E-03
+199.7500E-06,-2.0578225E-03,+28.3457905E-03
+200.0000E-06,-4.5571599E-03,+28.2955392E-03
+200.2500E-06,-5.9363927E-03,+27.7801962E-03
+200.5000E-06,-7.6458177E-03,+27.6312355E-03
+200.7500E-06,-3.7253066E-03,+27.4412679E-03
+201.0000E-06,-5.9920438E-03,+27.1843206E-03
+201.2500E-06,-8.8676223E-03,+27.2559051E-03
+201.5000E-06,-8.1261007E-03,+27.3253595E-03
+201.7500E-06,-11.0898232E-03,+27.0337856E-03
+202.0000E-06,-13.0027251E-03,+26.7917989E-03
+202.2500E-06,-11.2338717E-03,+26.4148012E-03
+202.5000E-06,-13.6023860E-03,+26.2235110E-03
+202.7500E-06,-14.3595522E-03,+25.9966009E-03
+203.0000E-06,-17.6682819E-03,+25.9977201E-03
+203.2500E-06,-19.8582214E-03,+25.5785111E-03
+203.5000E-06,-19.3300325E-03,+25.1872113E-03
+203.7500E-06,-19.7442466E-03,+24.9873255E-03
+204.0000E-06,-20.3126736E-03,+24.5316038E-03
+204.2500E-06,-21.7253279E-03,+24.2022821E-03
+204.5000E-06,-27.1702250E-03,+23.6921980E-03
+204.7500E-06,-28.1752501E-03,+23.5274637E-03
+205.0000E-06,-27.2651084E-03,+22.9471199E-03
+205.2500E-06,-29.3555575E-03,+22.5668961E-03
+205.5000E-06,-31.1991753E-03,+21.9894491E-03
+205.7500E-06,-31.8560552E-03,+21.5964436E-03
+206.0000E-06,-34.0470223E-03,+21.0579896E-03
+206.2500E-06,-34.7135480E-03,+20.7047823E-03
+206.5000E-06,-35.9372315E-03,+19.9409617E-03
+206.7500E-06,-38.3066190E-03,+19.3160808E-03
+207.0000E-06,-36.7179636E-03,+18.6441593E-03
+207.2500E-06,-37.6658469E-03,+18.1276430E-03
+207.5000E-06,-40.2355515E-03,+17.3379405E-03
+207.7500E-06,-42.2198481E-03,+16.9336047E-03
+208.0000E-06,-41.1312860E-03,+16.1795221E-03
+208.2500E-06,-42.8454942E-03,+15.4852355E-03
+208.5000E-06,-42.9635575E-03,+14.8785104E-03
+208.7500E-06,-43.2506269E-03,+14.2430219E-03
+209.0000E-06,-41.6193913E-03,+13.3585465E-03
+209.2500E-06,-43.4799900E-03,+12.7359990E-03
+209.5000E-06,-47.1671485E-03,+12.4230477E-03
+209.7500E-06,-47.7732399E-03,+11.7585949E-03
+210.0000E-06,-46.8516746E-03,+11.0481721E-03
+210.2500E-06,-45.6653226E-03,+10.4060922E-03
+210.5000E-06,-47.1046278E-03,+9.6796306E-03
+210.7500E-06,-48.3417441E-03,+9.1934629E-03
+211.0000E-06,-50.2569881E-03,+8.5496772E-03
+211.2500E-06,-52.8268471E-03,+7.9314519E-03
+211.5000E-06,-49.6080850E-03,+7.2052221E-03
+211.7500E-06,-50.5327112E-03,+6.4864942E-03
+212.0000E-06,-50.7972664E-03,+5.5825684E-03
+212.2500E-06,-50.9605366E-03,+5.0522107E-03
+212.5000E-06,-53.8033906E-03,+4.3708009E-03
+212.7500E-06,-53.6743138E-03,+3.7953326E-03
+213.0000E-06,-56.8557202E-03,+3.0849175E-03
+213.2500E-06,-54.3374457E-03,+2.3360343E-03
+213.5000E-06,-55.2535549E-03,+1.5503965E-03
+213.7500E-06,-57.0595614E-03,+786.8564E-06
+214.0000E-06,-56.3417842E-03,+49.1673E-06
+214.2500E-06,-60.0632132E-03,-482.0599E-06
+214.5000E-06,-59.0610946E-03,-1.1479611E-03
+214.7500E-06,-59.1874675E-03,-1.9198240E-03
+215.0000E-06,-57.4387089E-03,-2.6325291E-03
+215.2500E-06,-60.2125875E-03,-3.3127889E-03
+215.5000E-06,-59.8794911E-03,-4.0938394E-03
+215.7500E-06,-60.3016047E-03,-4.7160909E-03
+216.0000E-06,-62.5040725E-03,-5.4388502E-03
+216.2500E-06,-63.6583948E-03,-6.1377728E-03
+216.5000E-06,-63.2218208E-03,-6.9888952E-03
+216.7500E-06,-61.1315019E-03,-7.4121459E-03
+217.0000E-06,-64.0918789E-03,-8.1392250E-03
+217.2500E-06,-64.3991445E-03,-9.1790005E-03
+217.5000E-06,-66.8687171E-03,-9.9674989E-03
+217.7500E-06,-66.5870748E-03,-10.5639071E-03
+218.0000E-06,-66.3405811E-03,-11.3007421E-03
+218.2500E-06,-65.8636919E-03,-12.0390100E-03
+218.5000E-06,-69.9699803E-03,-12.6434581E-03
+218.7500E-06,-70.8482948E-03,-13.3153950E-03
+219.0000E-06,-69.4558898E-03,-13.9787131E-03
+219.2500E-06,-70.6162856E-03,-14.8430363E-03
+219.5000E-06,-72.1926443E-03,-15.5597753E-03
+219.7500E-06,-69.6831955E-03,-16.2830851E-03
+220.0000E-06,-71.8648207E-03,-17.1528573E-03
+220.2500E-06,-73.8779849E-03,-17.9485700E-03
+220.5000E-06,-76.3619647E-03,-18.4326795E-03
+220.7500E-06,-76.3186127E-03,-19.0779060E-03
+221.0000E-06,-75.1961418E-03,-19.8882731E-03
+221.2500E-06,-75.2934685E-03,-20.7023450E-03
+221.5000E-06,-78.1736540E-03,-21.2904458E-03
+221.7500E-06,-77.6516158E-03,-22.0289813E-03
+222.0000E-06,-79.5346467E-03,-22.8671135E-03
+222.2500E-06,-82.1736355E-03,-23.3125004E-03
+222.5000E-06,-81.6075747E-03,-24.1082208E-03
+222.7500E-06,-82.9004941E-03,-24.9934862E-03
+223.0000E-06,-82.0906387E-03,-25.7350064E-03
+223.2500E-06,-84.7873867E-03,-26.6859492E-03
+223.5000E-06,-90.4012899E-03,-27.1761460E-03
+223.7500E-06,-89.8896429E-03,-27.6748945E-03
+224.0000E-06,-93.0672889E-03,-28.7328441E-03
+224.2500E-06,-93.2632064E-03,-29.2643389E-03
+224.5000E-06,-94.0119570E-03,-29.8779923E-03
+224.7500E-06,-95.7556502E-03,-30.4080618E-03
+225.0000E-06,-99.0529853E-03,-31.2551319E-03
+225.2500E-06,-103.9801135E-03,-31.8124159E-03
+225.5000E-06,-106.6426440E-03,-32.3305119E-03
+225.7500E-06,-109.9131690E-03,-33.0975176E-03
+226.0000E-06,-109.3243914E-03,-33.4690377E-03
+226.2500E-06,-112.8101280E-03,-34.1909893E-03
+226.5000E-06,-114.1828530E-03,-34.9335331E-03
+226.7500E-06,-121.8186159E-03,-35.5968512E-03
+227.0000E-06,-126.7657859E-03,-36.0726456E-03
+227.2500E-06,-131.4055360E-03,-36.7080645E-03
+227.5000E-06,-133.1411512E-03,-37.2054857E-03
+227.7500E-06,-137.2239750E-03,-37.9605665E-03
+228.0000E-06,-143.4350426E-03,-38.3376259E-03
+228.2500E-06,-152.5925960E-03,-38.7761693E-03
+228.5000E-06,-159.4185035E-03,-39.3814329E-03
+228.7500E-06,-165.1660857E-03,-39.7978685E-03
+229.0000E-06,-171.5214092E-03,-40.2147774E-03
+229.2500E-06,-177.8613461E-03,-40.5026959E-03
+229.5000E-06,-185.0916145E-03,-40.8264267E-03
+229.7500E-06,-194.9668921E-03,-41.4432808E-03
+230.0000E-06,-204.9298000E-03,-41.8895141E-03
+230.2500E-06,-216.5950511E-03,-42.1239674E-03
+230.5000E-06,-224.4022876E-03,-42.5340174E-03
+230.7500E-06,-230.3543284E-03,-42.6423309E-03
+231.0000E-06,-233.8047693E-03,-42.8288102E-03
+231.2500E-06,-247.7851244E-03,-43.3627515E-03
+231.5000E-06,-259.8148625E-03,-43.4911685E-03
+231.7500E-06,-268.9167142E-03,-43.6721546E-03
+232.0000E-06,-278.7257685E-03,-43.8513404E-03
+232.2500E-06,-285.1460272E-03,-44.2240952E-03
+232.5000E-06,-288.7663449E-03,-44.1271664E-03
+232.7500E-06,-293.6843169E-03,-44.2672741E-03
+233.0000E-06,-305.1274893E-03,-44.3229590E-03
+233.2500E-06,-312.8303992E-03,-44.5957287E-03
+233.5000E-06,-321.6441805E-03,-44.6765085E-03
+233.7500E-06,-327.7911595E-03,-44.7106800E-03
+234.0000E-06,-330.1891058E-03,-44.5315692E-03
+234.2500E-06,-333.9337920E-03,-44.5687816E-03
+234.5000E-06,-337.9625083E-03,-44.8668674E-03
+234.7500E-06,-346.8122583E-03,-44.9320020E-03
+235.0000E-06,-352.0781971E-03,-45.0712942E-03
+235.2500E-06,-357.1421931E-03,-44.9012140E-03
+235.5000E-06,-356.8808773E-03,-45.0148014E-03
+235.7500E-06,-357.0836643E-03,-44.7830467E-03
+236.0000E-06,-357.7811923E-03,-45.0586055E-03
+236.2500E-06,-361.6545934E-03,-44.8891886E-03
+236.5000E-06,-366.3883778E-03,-44.8527995E-03
+236.7500E-06,-370.1390845E-03,-44.9691760E-03
+237.0000E-06,-368.8746491E-03,-45.0043611E-03
+237.2500E-06,-367.5440653E-03,-44.7195354E-03
+237.5000E-06,-365.3611762E-03,-44.7207395E-03
+237.7500E-06,-367.6506037E-03,-44.7120975E-03
+238.0000E-06,-371.5461042E-03,-44.6306925E-03
+238.2500E-06,-372.8667045E-03,-44.8735051E-03
+238.5000E-06,-373.0275023E-03,-44.7569228E-03
+238.7500E-06,-368.3762515E-03,-44.6799380E-03
+239.0000E-06,-363.2988469E-03,-44.5185303E-03
+239.2500E-06,-362.8486134E-03,-44.4234538E-03
+239.5000E-06,-365.2626385E-03,-44.5185303E-03
+239.7500E-06,-365.5762334E-03,-44.2960196E-03
+240.0000E-06,-365.4495759E-03,-44.4594391E-03
+240.2500E-06,-362.9711535E-03,-44.3926963E-03
+240.5000E-06,-355.0397053E-03,-44.2123970E-03
+240.7500E-06,-354.0669174E-03,-44.1028642E-03
+241.0000E-06,-353.3895857E-03,-44.0389256E-03
+241.2500E-06,-353.3312089E-03,-43.9350091E-03
+241.5000E-06,-352.0686742E-03,-43.9465019E-03
+241.7500E-06,-350.9126780E-03,-43.9782031E-03
+242.0000E-06,-344.1228936E-03,-43.9088775E-03
+242.2500E-06,-338.2675621E-03,-43.6112035E-03
+242.5000E-06,-335.7129353E-03,-43.7145103E-03
+242.7500E-06,-337.3733472E-03,-43.6489716E-03
+243.0000E-06,-337.4677674E-03,-43.5366499E-03
+243.2500E-06,-334.0403280E-03,-43.4461992E-03
+243.5000E-06,-327.3267479E-03,-43.4632540E-03
+243.7500E-06,-322.5927295E-03,-43.1114952E-03
+244.0000E-06,-315.3328241E-03,-43.1691766E-03
+244.2500E-06,-315.7287210E-03,-42.9569002E-03
+244.5000E-06,-316.3177302E-03,-42.9478156E-03
+244.7500E-06,-314.4203933E-03,-42.8473906E-03
+245.0000E-06,-309.2930010E-03,-42.8998286E-03
+245.2500E-06,-299.6631148E-03,-42.7571147E-03
+245.5000E-06,-296.9652862E-03,-42.7326453E-03
+245.7500E-06,-292.0301547E-03,-42.6457758E-03
+246.0000E-06,-294.2220505E-03,-42.4007224E-03
+246.2500E-06,-293.3253897E-03,-42.4670534E-03
+246.5000E-06,-291.4874041E-03,-42.5080375E-03
+246.7500E-06,-283.7224631E-03,-42.2433231E-03
+247.0000E-06,-275.4454916E-03,-42.1030638E-03
+247.2500E-06,-271.0032775E-03,-41.6974802E-03
+247.5000E-06,-269.1556966E-03,-41.7352252E-03
+247.7500E-06,-270.8408081E-03,-41.9102658E-03
+248.0000E-06,-265.9256413E-03,-41.8111577E-03
+248.2500E-06,-261.8144637E-03,-41.6106030E-03
+248.5000E-06,-252.8680840E-03,-41.4476261E-03
+248.7500E-06,-246.1097625E-03,-41.4751521E-03
+249.0000E-06,-244.1026213E-03,-41.2828044E-03
+249.2500E-06,-244.7581624E-03,-41.1516962E-03
+249.5000E-06,-243.7515429E-03,-41.2022663E-03
+249.7500E-06,-237.2901176E-03,-40.9333764E-03
